,text,label
0,voltase nya turun panel ada  tetapi ada  penel yang tidak bisa mengangkat daya jadi sebagian listrik padam,-1
1,voltase naik turun berakhibat mcb turun jeglek elektronik rumah ac kulkas sering rusak belum ada perbaikan dari pln,-1
2,voltase turun perangkat ac saya tidak bekerja dengan baik,-1
3,listrik mati tengga kanan kirimi menyala,-1
4,pulsa tidak bisa masuk,-1
5,PELANGGAN PENGAJUAN PINDAH APP DIKARENAKAN RENOVASI PELANGGAN BERADA DI LOKASI SAMPAI DENGAN PUKUL ,-1
6, mohon bantuanya listrik ad gangguan,-1
7, RUMAH SERING PADAM,-1
8,info kapan di pasang pelunasan tgl ,-1
9,voltase drop kisaran  volt,-1
10,listrik jeglek terus,-1
11,sering mati lampu di beberapa rumah termasuk rumah saya sering sekali,-1
12,Listrik voltase nya naik turun bohlam sebentar nyala sebentar matikipas angin mati karena voltase naik turun,-1
13,Voltase Turun Naik  Lampu Mati Nyala mati Nyala Sudah  jam,-1
14,alarm token habis gak bunyii,-1
15,saya membeli token listrik sebesar  tetapi salah id pelanggan apkah saya masih refund atau bisa dialihkan ke kode id pln saya sehingga token yg saya beli tidak hangus terimakasih,-1
16,say beli token senilai  tapi ternyata saya beli salah nonid pln apakah bisa dibantu untuk refund atau bisa dibantu untuk merubah ke no id pln saya agar token listrik yg saya beli tidak hangus,-1
17,saya beli token listrik sebesar rb ketika mau dimasukan tokennya ternyata salah nomer id pln apakah bisa dibantu untuk mengembalikan dana atau bisa diganti ke no id pln saya sehingga token tidak hangus,-1
18,LAPORAN SEBELUMNYA K PELANGGAN DAFTAR PD PROMO BT VA KE BT  VA NO REGISTER  BP LUNAS PADA TGL  SUDAH ADA SURVEY OLEH PETUGAS TGL  NAMUN HINGGA SAAT INI BELUM REALISASI  PELANGGAN DIINFOKAN BAHWA ULP TIDAK MELAYANI DAYA  VA DAN MENYARANKAN PELANGGAN DAFTAR KE LISTRIK  PHASE SEPERTI  VA   VA SEDANGKAN YBS TIDAK BERKENANHANYA BERKENANNYA  VA,-1
19,Pulsa tidak bisa masukada tulisan Perika,-1
20,voltase durung g biza pake kerja,-1
21,gak bisa masukan nomer token,-1
22,token listrik habis tidak bisa di isi kondisi listrik padam,-1
23,isi token gagal terus,-1
24,pengaduan tagihan,-1
25,token tidak bisa masuk,-1
26,meter trobel,-1
27,MCB lemahsebelumnya sudah membuat laporan ke listrique setelah dianalisa ternyata permasalahannya di MCB lemah karena sepanjang pagi hingga siang ini beberapa kali jeglekpadam secara random padahal biasanya tidak pernah terjadi,-1
28,mat siang kak ini gangguan muncul priksa GK bisa di isi pulsa alarem udah bunyi bantuanya ya kak di tunggu swn,-1
29,Speedometer mati,-1
30,TANGGAL  PTL DIPUTUS SEMENTARA DAN TANGGAL  TAGIHAN BULAN MARET  BESERTA BK TELAH DILUNASI  PTL MINTA DISAMBUNG KEMBALI   APP DIAMBIL PETUGAS,-1
31,token gagal dimasukkan,-1
32,PELANGGAN KONFIRMASI KWH METER DIBAWA PETUGAS KARENA GANGGUAN G   RUMAH PADAM PRABAYAR DISPLAY APP PADAMBLANK  SEJAK TANGGAL  TIDAK MENDAPAT BERITA ACARA PEMBERITAHUAN AKAN TETAPI BELUM ADA PEMASANGAN KEMBALI KONDISI RUMAH DIHUNI,-1
33,muncul tulisan periksa pada meteran listrik mohon kirimkan kode clear tamper ke no wa ,-1
34,muncul tulisan periksa pada meteran listrik mohon kirimkan kode clear tamper ke no wa ,-1
35,muncul tulisan periksa pada meteran listrik mohon kirimkan kode clear tamper ke no wa ,-1
36,KELUHAN BERULANG  K DAN K TGL   PROSES PB RMT VA MELALUI PLN MOBILE DENGAN KODE AGENDA    TGL BP DAN STROOM AWAL TELAH DILUNASI MOHON UNTUK SEGERA DIREALISASIKAN,-1
37,permasalahan kemungkinan pada meteran listrik sudah  hari ini listrik sering jeglek dengan interval kurang lebih  jam sekali dugaan kami sepertinya meteran listrik yg bermasalah saandainya ada konsleting listrik tentu tidak akan bisa dinyalakan lagi terima kasih,-1
38,sering mati lampu apalagi saat hujan sudah pasti mati lampu,-1
39,kwh muncul periksa,-1
40,KELUHAN BERULANG  K TGL   PROSES PB RMT VA MELALUI PLN MOBILE DENGAN KODE AGENDA    TGL BP DAN STROOM AWAL TELAH DILUNASI MOHON UNTUK SEGERA DIREALISASIKAN PENYAMBUNGAN,-1
41,TGL   PROSES PB RMT VA MELALUI PLN MOBILE DENGAN KODE AGENDA    TGL BP DAN STROOM AWAL TELAH DILUNASI MOHON UNTUK SEGERA DIREALISASIKAN PENYAMBUNGAN,-1
42,TGL   PROSES PB RMT VA MELALUI PLN MOBILE DENGAN KODE AGENDA    TGL BP DAN STROOM AWAL TELAH DILUNASI MOHON UNTUK SEGERA DIREALISASIKAN PENYAMBUNGAN,-1
43,MOHON BANTUAN TINDAK LANJUT ANGKA COUNTER PADA APP TIDAK BEROPERASI SEJAK  BULAN LALU PTL MENYALA ANGKA METER TANGGAL       ,-1
44,kwh meter saya berbunyi terus dan ada tulisan RUSAK dimonitor kwh,-1
45,listrik kok turun daya aja mau pakai AC Ndak bisa dingin ini solusinya gimana,-1
46,listrik kok turun daya aja mau pakek AC gak bisa dingin,-1
47,meteran tulisan periksa,-1
48,DI WILAYAH TERSEBUT PTL SERING DROP DALAM  MINGGU TERAKHIR SETIAP HARI MENGALAMI DROP,-1
49,PELANGGAN TIDAK BISA INPUT TOKEN SETELAH UPDATE VKRN   PTL NYALA SISA KWH TIDAK DIKETAHUI NO TOKEN     ,-1
50,meteran keluar asap,-1
51,listrik padam,-1
52,mau memindahkan meteran listrik dikarenakan renovasi rumah,-1
53,pembanyaran bulan ini terlalu banyak dari biasanya padahal tidak ada penambahan kebutuhan listrik sama kayak bulan lalu tapi knpa bulan ini pembanyarannya melejit x lipat,-1
54,pembayaran bulan ini terlalu banyak tidak seperti bulan lalu  tidak ada penambahan listrik knpa pembayarannya bisa banyak ,-1
55,KELUHAN BERULANG  KPELANGGAN DAFTAR PD PROMO BT VA KE BT  VA NO REGISTER  BP LUNAS PADA TGL  SUDAH ADA SURVEY OLEH PETUGAS TGL  NAMUN HINGGA SAAT INI BELUM REALISASI  PELANGGAN DIINFOKAN BAHWA ULP TIDAK MELAYANI DAYA  VA DAN MENYARANKAN PELANGGAN DAFTAR KE LISTRIK  PHASE SEPERTI  VA   VA SEDANGKAN YBS TIDAK BERKENAN MOHON SOLUSI DAR PLN SETEMPAT,-1
56,kwh keluar periksa sama ada dad tangannya,-1
57, PELANGGAN  PENDAFTARAN PD TARIF  BT  NOMER AGENDA  NO REGISTER    BP LUNAS PADA TGL    SEMPAT ADA SURVEY OLEH PETUGAS TGL    NAMUN HINGGA SAAT INI BELUM REALISASI  DITUNGGU KEJELASAN KE CP ,-1
58,tegangan drop sejalur,-1
59,TANGGAL  PENGGANTIAN APP RUSAK KEMUDIAN DIGANTI DENGAN DENGAN NOMOR METER BARU  PELANGGAN ADA PEMBELIAN PULSA TOKEN TANGGAL  NOMER TOKEN      BELUM DIENTRYKAN KE APP YANG LAMA,-1
60, mohon bantuanya listrik buram minta ganti biar jelas d kontrol,-1
61,meteran prabayar kedipkedip layar gk gelas tombol gk fungsimohon di ganti baru,-1
62,kenapa nomer meter saya kok tidak bisa di ubah dayadan keterangan selesaikan proses pengajuan LU LAY LC CCFARISYSM INFO UBAH TARIF SUDAH DIJELASKAN PLN,-1
63,listrik sering Nyala mati nyala mati,-1
64,TGL  PENANGANAN GANGGUAN DENGAN CARA SAMBUNG LANGSUNG DENGAN NO LAPORAN GANGGUAN G PELANGGAN TIDAK MENERIMA BA MOHON AGAR SEGERA DAPAT DIDILAKUKAN PENORMALAN PTL NYALA,-1
65,voltase listrik naik turu tidak bisa di buat kerja mohon di perbaiki,-1
66,saklar meteran listrik kadang on of lampu indikator saklar berkedip pemakain biasa meteran pakai pulsa mohon pemeriksaanya,-1
67,voltase naik turun tidak bisa di buat kerja,-1
68,SEBELUMNYA APP PELANGGAN TERBAKAR AN DI GANTI SEMENTARA DENGA APP PASCABAYAR  PELANGGAN DIJANJIKAN AKAN DI GANTI KE PRABAYAR SPERTI SEULA NAMUN SAMPAI SAAT INI BELUM ADA FOLLOWUP  MOHON BANTUANNYA,-1
69,Timbul Periksa di isi pulsa tidak bisa,-1
70,no id tidak bisa diisi,-1
71,Tombol untuk memasukan Token tidak bisa,-1
72,MOHON PERIKSA APP PRABAYAR DISPLAY TERTERA GAGAL SISA KWH ccadinsmlapor lagi,-1
73,jeglak jeglek spido meter TDK nyala,-1
74,TGL  PELAPORAN PELANGGAN MELALUI Live Chat PLN Mobile DENGAN NOMOR LAPOR G PERIHAL APP BLANK PTL MENYALA PERBAIKAN DILAKUKAN OLEH PETUGAS PLN DENGAN CARA SAMBUNG LANGSUNG MOHON AGAR APP DAPAT DIPASANG SESUAI KETENTUAN,-1
75,kWh meter fhasa mati  fhase,-1
76,TERKAIT K TERKAIT NO LAPOR K  DIBANTU KONFIRMASI PELANGGAN TERKAIT PASANG BARU BLM REALISASI DGN NO REG SEMPAT DIJANNJIKAN HARI JUMAT PELANGGAN MENGINGINKAN PEMASANGAN HARI INI STATUS BATAL DIBATALKAN OLEH PELANGGAN NAMUN PELANGGAN TIDAK MEMBATALKAN LAPORAN TSB MOHON KONFIRMASI SEGERA,-1
77,tidak bisa memasukkan no token,-1
78,tidak bisa memasukkan no token,-1
79,MOHON PERIKSA APP DIKARENAKAN DIRAGUKAN BEROPERASINYA KWH DIRASAKAN TIDAK BERKURANG SEJAK TIDAK MENGETAHUI SISA KWH ,-1
80,PELANGGAN KONFIRMASI KWH METER DIBAWA PETUGAS KARENA GANGGUAN SEJAK TANGGAL DDMMYY MENDAPAT TIDAK BERITA ACARA  PEMBERITAHUAN AKAN TETAPI BELUM ADA PEMASANGAN KEMBALI KONDISI RUMAH DIHUNITIDAK,-1
81,TERKAIT NO LAPOR K  DIBANTU KONFIRMASI PELANGGAN TERKAIT PASANG BARU BLM REALISASI DGN NO REG SEMPAT DIJANNJIKAN HARI JUMAT PELANGGAN MENGINGINKAN PEMASANGAN HARI INI,-1
82,mohon dibantu pak saklar MCB KWh meter tidak bisa ON  ketika dinyalakan seperti tidak ada beban atau doll dan kembali ke posisi OFF,-1
83,tambah daya dari R  ke B  sementara ini masih ttap di posisi R  mohon tanggapannya,-1
84,MOHON UNTUK DITINDAKLANJUTI PENGAJUAN PROSES GESER APP DIKARENAKAN RENOVASI DENGAN NO KTP PEMILIK  AN WIDJI BAGYO SUSANTO PEMOHON MENGAKU SEBAGAI PEMILIK,-1
85,meteran listrik tidak bisa di on kan,-1
86,MOHON TINDAKLANJUT DAN PENYELESAIAN REK FEBRUARI MARET  STAND AKHIR   DATA PADA ACMT  STAN APP  TGL    PLN  TELAH MENJELASKAN SESUAI KETENTUAN NAMUN PELANGGAN BERKEBERATAN,-1
87,mcb selalu off tidak bisa di nyalakan,-1
88,slamat pagi dulur ni gaguan kWh muncul priksa GK bisa di isi token pulsa minta bantuan di tunggu ya trm ksh,-1
89,pemadaman lokal,-1
90,PELANGGAN SUDAH MENGAJUKAN PERMOHONAN PASANG BARU VIA LOKET PLN BOJONEGORO NAMUN BELUM DAPAT NO REGISTER  KODE BOOKING PENGAJUAN TGL  MARET  CALON PELANGGAN ATAS NAMA NURHAYATI NO KTP ,-1
91,Isi token tidak bisa masuk,-1
92,periksa,1
93,assalammualaikum wr wb mohon maaf saya ingin bertanyaapakah listrik RIMT bisa diubah menjadi RIT dikarenakan setiap diisi token  atau  ribu itu tidak sampai  hari kalo  ribu kalau  ribu tidak sampai  minggu terimkasih wassalammualaikum wr wb,-1
94,MCB dol,-1
95,PELANGGAN PENDAFTARAN PD DENGAN NO REG  NAMUN SALAH INPUT NO HP DI PLN MOBILE  PELANGGAN INGIN DI HUB INI  MOHON BANTUNNYAN,-1
96,ANGKA KEYPAD ENTER TANDA HAPUS PADA APP PRABAYAR TIDAK BERFUNGSI SEJAK TGL  SISA PULSA  KWH  NO METER  ,-1
97,meteran tidak bisa diiisi token,-1
98,meteran keluar tulisan PERIKSA tolong kirim kode temper ke nomor wa ,-1
99,DIBANTU KONFIRMASI PELANGGAN TERKAIT PASANG BARU BLM REALISASI DGN NO REG  PELANGGAN INGIN ADA PENJELASAN TERKAIT KEPASTIAN PEMASANGAN TERSEBUT PELANGGAN PERNAH LAPOR DENGAN NO K  K  STATUS SELESAI PELANGGAN TIDAK KONFIRMASI SD X JAM,-1
100,DIBANTU KONFIRMASI PELANGGAN TERKAIT PASANG BARU BLM REALISASI DGN NO REG  PELANGGAN INGIN ADA PENJELASAN TERKAIT KEPASTIAN PEMASANGAN TERSEBUT PELANGGAN PERNAH LAPOR DENGAN NO K  STATUS SELESAI PELANGGAN TIDAK KONFIRMASI SD X JAM,-1
101,tidak berbunyi saat token mau habis,-1
102,TGL  PELAPORAN PELANGGAN MELALUI CC  DENGAN NOMOR LAPOR G PERIHAL APP TERTERA RUSAK PERBAIKAN DILAKUKAN OLEH PETUGAS PLN DENGAN CARA SAMBUNG LANGSUNG MOHON AGAR APPMCB DAPAT DIPASANG SESUAI KETENTUAN,-1
103,Sudah beli token listrik tp belom dapet no tokennya,-1
104,DIBANTU KONFIRMASI PELANGGAN TERKAIT PASANG BARU BLM REALISASI DGN NO REG  PELANGGAN INGIN ADA PENJELASAN TERKAIT KEPASTIAN PEMAANGAN TERSEBUT,-1
105,TIDAK BISA ENTRY TOKEN DENGAN KETERANGAN       TANPA  KETERANGAN        SISA  TOKEN      KWH   PTL    MENYALA   INFO  NO TOKEN YANG BENAR   ,-1
106,dear tim PLN mohon dibantu check ketika akan query tagihan idpel tsb tidak muncul seperti capture terlampir,-1
107,PELANGGAN DENGAN NO METER  APP KETERANGAN GAGAL DAN KESULITAN MEMASUKKAN TOKENPTL MENYALASISA  KWHDENGAN NO TOKEN ,-1
108,PLNsaya mau tanya listrik pascabayar  mau ganti pulsa yang berdaya  bisa kah,1
109,sudah  hari sejak pembayaran lunas listrik belum nyala dan belum ada tindakan,-1
110,Hari senin sy sudah pengaduan mengenai pulsa listrik sy yg gk bisa dmasukkan ko belum ada komfirmasinya ya katanya kl pulsa sdh bisa dmasukkan akan dkabari tp sampai hari ini kamis ko belum ada kabar,-1
111,LAPORAN BERULANG TERKAIT K  K K K K K K DAN K PERMASALAHAN SEBELUMNYA MOHON TINDAK LANJUT DAN PEJELASAN PELANGGAN BERMAKSUD MENGAJUKAN PASANG BARU TARIF SUBSIDI DENGAN NO KTP PEMILIK BANGUNAN   ATAS NAMA BUDI DARMAWAN PEMOHON MENGAKU SEBAGAI PEMILIK PERSIL NAMUN PADA DATA APT TERTERA NO KTP   SUDAH TERDAFTAR SUBSIDI LISTRIK DENGAN ID PEL MILIK ORANG LAIN SESUAI INFO PELANGGAN SUDAH DIKONFIRMASI PETUGAS DAN DIARAHKAN UNTUK DATANG KE KANTOR UNIT DAN PELANGGAN TELAH DATANG KE UNIT TGL  PUKUL  NAMUN PELANGGAN MERASA DIBERATKAN HINGGA SAAT INI BELUM ADA TINDAK LANJUT,-1
112,MOHON TINDAK LANJUT DAN PENYELESAIAN  NIK PELANGGAN  AN BUDI DARMAWAN TELAH TERDAFTAR DIGUNAKAN ORANG LAIN SEBAGAI PENERIMA SUBSIDI LISTRIK SESUAI INFO PELANGGAN YBS TIDAK PERNAH MENGGUNAKAN KTP TERSEBUT DAN PELANGGAN MENGINGINKAN UNTUK DICABUT PADA ID PELANGGAN SEBELUMNYA TERKAIT K,-1
113,memasukan nomor token beberapa kali gagal terus,-1
114,LAPORAN BERULANG TERKAIT KMOHON TINDAK LANJUT DAN PENYELESAIAN  NIK PELANGGAN  AN BUDI DARMAWAN TELAH TERDAFTAR DIGUNAKAN ORANG LAIN SEBAGAI PENERIMA SUBSIDI LISTRIK SESUAI INFO PELANGGAN YBS TIDAK PERNAH MENGGUNAKAN KTP TERSEBUT DAN PELANGGAN MENGINGINKAN UNTUK DICABUT PADA ID PELANGGAN SEBELUMNYA TERKAIT K INFO DARI PELANGGAN TIDAK MELAKUKAN PEMBATALAN,-1
115,LAPORAN BERULANG TERKAIT KMOHON TINDAK LANJUT DAN PENYELESAIAN  NIK PELANGGAN  AN BUDI DARMAWAN TELAH TERDAFTAR DIGUNAKAN ORANG LAIN SEBAGAI PENERIMA SUBSIDI LISTRIK SESUAI INFO PELANGGAN YBS TIDAK PERNAH MENGGUNAKAN KTP TERSEBUT DAN PELANGGAN MENGINGINKAN UNTUK DICABUT PADA ID PELANGGAN SEBELUMNYA TERKAIT K INFO DARI PELANGGAN TIDAK MELAKUKAN PEMBATALAN,-1
116,TERKAIT K  K K K K K DAN K STATUS DIBATALKANMOHON TINDAK LANJUT DAN PEJELASAN PELANGGAN BERMAKSUD MENGAJUKAN PASANG BARU TARIF SUBSIDI DENGAN NO KTP PEMILIK BANGUNAN   ATAS NAMA BUDI DARMAWAN PEMOHON MENGAKU SEBAGAI PEMILIK PERSIL NAMUN PADA DATA APT TERTERA NO KTP   SUDAH TERDAFTAR SUBSIDI LISTRIK DENGAN ID PEL MILIK ORANG LAIN SESUAI INFO PELANGGAN SUDAH DIKONFIRMASI PETUGAS DAN DIARAHKAN UNTUK DATANG KE KANTOR UNIT DAN PELANGGAN TELAH DATANG KE UNIT TGL  PUKUL  NAMUN PELANGGAN MERASA DIBERATKAN DAN HINGGA SAAT INI BELUM ADA TINDAK LANJUT KEMBALI,-1
117,LAPORAN BERULANG TERKAIT KMOHON TINDAK LANJUT DAN PENYELESAIAN  NIK PELANGGAN  AN BUDI DARMAWAN TELAH TERDAFTAR DIGUNAKAN ORANG LAIN SEBAGAI PENERIMA SUBSIDI LISTRIK SESUAI INFO PELANGGAN YBS TIDAK PERNAH MENGGUNAKAN KTP TERSEBUT DAN PELANGGAN MENGINGINKAN UNTUK DICABUT PADA ID PELANGGAN SEBELUMNYA TERKAIT K INFO DARI PELANGGAN TIDAK MELAKUKAN PEMBATALAN,-1
118,tidak bisa isi token kondisi token habis semua metode pembayaran tidak bisa,-1
119,mengajukan pemindahan kwh karena kabel atas nyangkut di TPQ baru,-1
120,selatan sdn ngablak ,-1
121,selatan sdn ngablak ,-1
122,bulan lebih ndak pernah d cek sama petugasnya,-1
123,TERKAIT  K MOHON TINDAK LANJUT DAN PENYELESAIAN SEKITAR  MINGGU APP DI SAMBUNG LANGSUNG DIKARENAKAN SEBELUMNYA PENANGANAN PERIHAL APP RUSAK PELANGGAN DIBERIKAN BERITA ACARA NO LG G NO METER    MOHON PENANGANAN SESUAI KETENTUAN PELANGGAN PERNAH LAPOR DENGAN NO K DAN K STATUS BATAL NAMUN BELUM ADA TINDAK LANJUT DAN PENANGANAN DARI PETUGAS MOHON PELANGGAN DI KONFIRMASI PERIHAL TSB,-1
124,MOHON TINDAK LANJUT DAN PENYELESAIAN SEKITAR  MINGGU APP DI SAMBUNG LANGSUNG DIKARENAKAN SEBELUMNYA PENANGANAN PERIHAL APP RUSAK PELANGGAN DIBERIKAN BERITA ACARA NO LG G NO METER    MOHON PENANGANAN SESUAI KETENTUAN PELANGGAN PERNAH LAPOR DENGAN NO K DAN K,-1
125,MOHON TINDAK LANJUT DAN PENYELESAIAN SEKITAR  MINGGU APP DI SAMBUNG LANGSUNG DIKARENAKAN SEBELUMNYA PENANGANAN PERIHAL APP RUSAK  PELANGGAN DIBERIKAN BERITA ACARA NO LG G  NO METER    MOHON PENANGANAN SESUAI KETENTUAN PELANGGAN PERNAH LAPOR DENGAN NO K STATUS SELESAI PELANGGAN TIDAK KONFIRMASI sd X JAM,-1
126,mohon agar bisa diturunkan daya ke  karena merasa keberatan dengan biaya dikarenan dulu waktu pemasangan kurang paham,-1
127,tiang listrik miring dan berdampak membahayakan karena musim penghujan,-1
128,listrik padam,-1
129,ANGKA KEYPAD ANGKA   PADA APP PRABAYAR TIDAK BERFUNGSI SEJAK TANGGAL SISA TOKEN  KWH,-1
130,KELUHAN BERULANG  K MOHON TINDAK LANJUT DAN PENYELESAIAN SEKITAR  MINGGU APP DI SAMBUNG LANGSUNG DIKARENAKAN SEBELUMNYA PENANGANAN PERIHAL APP RUSAK  PELANGGAN DIBERIKAN BERITA ACARA NO LG G  NO METER    MOHON PENANGANAN SESUAI KETENTUAN,-1
131,MOHON TINDAK LANJUT DAN PENYELESAIAN SEKITAR  MINGGU APP DI SAMBUNG LANGSUNG DIKARENAKAN SEBELUMNYA PENANGANAN PERIHAL APP RUSAK  PELANGGAN DIBERIKAN BERITA ACARA NO LG G  NO METER    MOHON PENANGANAN SESUAI KETENTUAN,-1
132,membeli pulsa lewat mandiri mobile tgl  maret tp gagal tidak bisa dimasukkan,-1
133,lampu berkedip alat elektronik tidak bisa bekerja maksimal ac kulkas kipas angin tidak dingin,-1
134,TERKAIT K K K K K DAN K STATUS DIBATALKANMOHON TINDAK LANJUT DAN PEJELASAN PELANGGAN BERMAKSUD MENGAJUKAN PASANG BARU TARIF SUBSIDI DENGAN NO KTP PEMILIK BANGUNAN   ATAS NAMA BUDI DARMAWAN PEMOHON MENGAKU SEBAGAI PEMILIK PERSIL NAMUN PADA DATA APT TERTERA NO KTP   SUDAH TERDAFTAR SUBSIDI LISTRIK DENGAN ID PEL MILIK ORANG LAIN SESUAI INFO PELANGGAN SUDAH DIKONFIRMASI PETUGAS DAN DIARAHKAN UNTUK DATANG KE KANTOR UNIT DAN PELANGGAN TELAH DATANG KE UNIT TGL  PUKUL  NAMUN PELANGGAN MERASA DIBERATKAN DAN HINGGA SAAT INI BELUM ADA TINDAK LANJUT KEMBALI,-1
135,kwh dulayar muncul tulisan rusak gak bisa di isi pulsa,-1
136,ketika MCB dimatikan tapi jaringan listrik masih menyala tes pakai tespen nyala  ground juga menyala,1
137,tidak bisa isi token ct gagal,-1
138,TERKAIT K STATUS DIBATALKANMOHON TINDAK LANJUT DAN PEJELASAN PELANGGAN BERMAKSUD MENGAJUKAN PASANG BARU TARIF SUBSIDI DENGAN NO KTP PEMILIK BANGUNAN   ATAS NAMA BUDI DARMAWAN PEMOHON MENGAKU SEBAGAI PEMILIK PERSIL NAMUN PADA DATA APT TERTERA NO KTP   SUDAH TERDAFTAR SUBSIDI LISTRIK DENGAN ID PEL MILIK ORANG LAIN TERKAIT K K K DAN K STATUS BATAL SESUAI INFO PELANGGAN SUDAH DIKONFIRMASI PETUGAS DAN DIARAHKAN UNTUK DATANG KE KANTOR UNIT DAN PELANGGAN TELAH DATANG KE UNIT TGL  PUKUL  NAMUN PELANGGAN MERASA DIBERATKAN DAN HINGGA SAAT INI BELUM ADA TINDAK LANJUT KEMBALI,-1
139,kabel jaringan warna hitam yg sebelum masuk meteran kondisi mengelupas,-1
140,padam banyak rumah sudah LEBIH DARI SATU JAM  tolong segera perhatian  perbaikannya  karena mengganggu aktifitas  terima kasih,-1
141,Meteran warna hijau listrik padam,-1
142,sudah membayar untuk pemasangan baru dan untuk saat ini listrik belum ada tindakan,-1
143,sudah membayar untuk pemasangan baru dan untuk saat ini listrik belum ada tindakan,-1
144,MOHON TINDAK LANJUT DAN PEJELASAN PELANGGAN BERMAKSUD MENGAJUKAN PASANG BARU TARIF SUBSIDI DENGAN NO KTP PEMILIK BANGUNAN   ATAS NAMA BUDI DARMAWAN PEMOHON MENGAKU SEBAGAI PEMILIK PERSIL NAMUN PADA DATA APT TERTERA NO KTP   SUDAH TERDAFTAR SUBSIDI LISTRIK DENGAN ID PEL MILIK ORANG LAIN TERKAIT K K K DAN K STATUS BATAL SESUAI INFO PELANGGAN SUDAH DIKONFIRMASI PETUGAS DAN DIARAHKAN UNTUK DATANG KE KANTOR UNIT DAN PELANGGAN TELAH DATANG KE UNIT TGL  PUKUL  NAMUN PELANGGAN MERASA DIBERATKAN DAN HINGGA SAAT INI BELUM ADA TINDAK LANJUT KEMBALI,-1
145,kwh meter berbunyi khawatir ada konslet mohon diperiksa oleh petugas PLN,-1
146,meteran nyala hijau listrik padam,-1
147,kabel tarikan utama  kecantol mobil truk saat lewat dan putus,-1
148,PLN listrik saya  pasca mau ganti ke token bisa apa tidak,1
149,pak PLN minta infonya mau bayar listrik nomer idpel hilang atau lupa tolong bantuannya atas nama Zulkarnain listrik nya nomer listrik terdekat Siti Aisyah,-1
150,MOHON BANTUAN LAYANAN GESER APP PELANGGAN MENGHENDAKI GESER APP DENGAN ID PELANGGAN   NO KTP PEMILIK ,-1
151,MOHON TINDAK LANJUT DAN PEJELASAN PELANGGAN BERMAKSUD MENGAJUKAN PASANG BARU TARIF SUBSIDI DENGAN NO KTP PEMILIK BANGUNAN   ATAS NAMA BUDI DARMAWAN PEMOHON MENGAKU SEBAGAI PEMILIK PERSIL NAMUN PADA DATA APT TERTERA NO KTP   SUDAH TERDAFTAR SUBSIDI LISTRIK DENGAN ID PEL MILIK ORANG LAIN TERKAIT K K DAN K STATUS BATAL SESUAI INFO PELANGGAN SUDAH DIKONFIRMASI PETUGAS DAN DIARAHKAN UNTUK DATANG KE KANTOR UNIT DAN PELANGGAN TELAH DATANG KE UNIT TGL  PUKUL  NAMUN PELANGGAN MERASA DIBERATKAN DAN HINGGA SAAT INI BELUM ADA TINDAK LANJUT KEMBALI,-1
152,DI WILAYAH TSB PTL SERING PADAM BANYAK RUMAH DALAM  HARI TERAKHIR HAMPIR PADAM PTL TIDAK PADAM,-1
153,mati lampu tidak hujan tidak angin,-1
154,TERKAIT NOMOR LAPOR K DAN K KET BATAL PELANGGAN BERMAKSUD MENGAJUKAN PASANG BARU TARIF SUBSIDI DENGAN NO KTP PEMILIK BANGUNAN   ATAS NAMA BUDI DARMAWAN PEMOHON MENGAKU SEBAGAI PEMILIK PERSIL NAMUN PADA DATA APT TERTERA NO KTP   SUDAH TERDAFTAR SUBSIDI LISTRIK DENGAN ID PEL MILIK ORANG LAIN SESUAI INFO PELANGGAN SUDAH DIKONFIRMASI PETUGAS DAN DIARAHKAN UNTUK DATANG KE KANTOR UNIT PELANGGAN TELAH DATANG KE UNIT TGL  PUKUL  NAMUN PELANGGAN MERASA DIBERATKAN HINGGA SAAT INI BELUM ADA YG MENGHUBUNGI,-1
155,LAPORAN BERULANG TERKAIT NO K PERMASALAHAN SEBELUMNYA TERKAIT NOMOR LAPOR K KET BATAL PELANGGAN BERMAKSUD MENGAJUKAN PASANG BARU TARIF SUBSIDI DENGAN NO KTP PEMILIK BANGUNAN  ATAS NAMA BUDI DARMAWAN PEMOHON MENGAKU SEBAGAI PEMILIK PERSIL NAMUN PADA DATA APT TERTERA NO KTP   SUDAH TERDAFTAR SUBSIDI LISTRIK DENGAN ID PEL MILIK ORANG LAIN SESUAI INFO PELANGGAN SUDAH DIKONFIRMASI PETUGAS DAN DIARAHKAN UNTUK DATANG KE KANTOR UNIT PELANGGAN TELAH DATANG KE UNIT TGL  PUKUL  NAMUN PELANGGAN MERASA DIBERATKAN HINGGA SAAT INI BELUM ADA TINDAK LANJUT,-1
156,TERKAIT NOMOR LAPOR K KET BATALPELANGGAN BERMAKSUD MENGAJUKAN PASANG BARU TARIF SUBSIDI DENGAN NO KTP PEMILIK BANGUNAN   ATAS NAMA BUDI DARMAWAN PEMOHON MENGAKU SEBAGAI PEMILIK PERSIL NAMUN PADA DATA APT TERTERA NO KTP   SUDAH TERDAFTAR SUBSIDI LISTRIK DENGAN ID PEL MILIK ORANG LAIN SESUAI INFO PELANGGAN SUDAH DIKONFIRMASI PETUGAS DAN DIARAHKAN UNTUK DATANG KE KANTOR UNIT PELANGGAN TELAH DATANG KE UNIT TGL  PUKUL  NAMUN PELANGGAN MERASA DIBERATKAN HINGGA SAAT INI BELUM ADA TINDAKLANJUT,-1
157,mau nanya nmer meter  mau proses tambah daya kok nggak bisa ada kendala apa,-1
158,pindah meteran,-1
159,MOHON TINDAK LANJUT DAN PENYELESAIAN  NIK PELANGGAN  AN BUDI DARMAWAN TELAH TERDAFTAR DIGUNAKAN ORANG LAIN SEBAGAI PENERIMA SUBSIDI LISTRIK SESUAI INFO PELANGGAN YBS TIDAK PERNAH MENGGUNAKAN KTP TERSEBUT DAN PELANGGAN MENGINGINKAN UNTUK DICABUT PADA ID PELANGGAN SEBELUMNYA TERKAIT K INFO DARI PELANGGAN TIDAK MELAKUKAN PEMBATALAN K,-1
160,mat siang dulur mnta bantuan ya ni kWh priksa GK bisa di isi token alarem udah bunyi di tunngu ya trm,-1
161,mau masukan token tidak bisa meteran mati di,-1
162,Ganti Meteran,-1
163,TERKAIT K K MOHON TINDAK LANJUT DAN PENYELESAIAN  NIK PELANGGAN  AN BUDI DARMAWAN TELAH TERDAFTAR DIGUNAKAN ORANG LAIN SEBAGAI PENERIMA SUBSIDI LISTRIK SESUAI INFO PELANGGAN YBS TIDAK PERNAH MENGGUNAKAN KTP TERSEBUT DAN PELANGGAN MENGINGINKAN UNTUK DICABUT PADA ID PELANGGAN SEBELUMNYA TERKAIT  INFO DARI PELANGGAN TIDAK MELAKUKAN PEMBATALAN,-1
164,MOHON TINDAK LANJUT DAN PENYELESAIAN  NIK PELANGGAN  AN BUDI DARMAWAN TELAH TERDAFTAR DIGUNAKAN ORANG LAIN SEBAGAI PENERIMA SUBSIDI LISTRIK SESUAI INFO PELANGGAN YBS TIDAK PERNAH MENGGUNAKAN KTP TERSEBUT DAN PELANGGAN MENGINGINKAN UNTUK DICABUT PADA ID PELANGGAN SEBELUMNYA TERKAIT K INFO DARI PELANGGAN TIDAK MELAKUKAN PEMBATALAN,-1
165,TERKAIT NO LAPOR K K K K  K K DAN K PELANGGAN BERMAKSUD MENGAJUKAN PASANG BARU TARIF SUBSIDI DENGAN NO KTP PEMILIK BANGUNAN   ATAS NAMA BUDI DARMAWAN PEMOHON MENGAKU SEBAGAI PEMILIK PERSIL NAMUN PADA DATA APT TERTERA NO KTP   SUDAH TERDAFTAR SUBSIDI LISTRIK DENGAN ID PEL MILIK ORANG LAIN SESUAI INFO PELANGGAN SUDAH DIKONFIRMASI PETUGAS DAN DIARAHKAN UNTUK DATANG KE KANTOR UNIT PELANGGAN TELAH DATANG KE UNIT TGL  PUKUL  NAMUN PELANGGAN MERASA DIBERATKAN HINGGA SAAT INI BELUM ADA TINDAKLANJUT,-1
166,MOHON TINDAK LANJUT DAN PENYELESAIAN  NIK PELANGGAN  AN BUDI DARMAWAN TELAH TERDAFTAR DIGUNAKAN ORANG LAIN SEBAGAI PENERIMA SUBSIDI LISTRIK SESUAI INFO PELANGGAN YBS TIDAK PERNAH MENGGUNAKAN KTP TERSEBUT DAN PELANGGAN MENGINGINKAN UNTUK DICABUT PADA ID PELANGGAN SEBELUMNYA,-1
167,PELANGGAN PENGAJUAN PB DAYA  VA  UNTUK PENGAIRAN SAWAH SEKITAR  MINGGU TGL   MELALUI KANTOR PLN  BELUM MENDAPAT  NO REGISTER  DOKUMEN PENDUKUNG SUDAH DISERAHKAN DAN AKAN DILAKUKAN  SURVEY NAMUN BELUM ADA TINDAK LANJUT,-1
168,PELANGGAN BERMAKSUD MENGAJUKAN PASANG BARU TARIF SUBSIDI DENGAN NO KTP PEMILIK BANGUNAN   ATAS NAMA BUDI DARMAWAN PEMOHON MENGAKU SEBAGAI PEMILIK PERSIL NAMUN PADA DATA APT TERTERA NO KTP   SUDAH TERDAFTAR SUBSIDI LISTRIK DENGAN ID PEL MILIK ORANG LAIN SESUAI INFO PELANGGAN SUDAH DIKONFIRMASI PETUGAS DAN DIARAHKAN UNTUK DATANG KE KANTOR UNIT PELANGGAN TELAH DATANG KE UNIT TGL  PUKUL  NAMUN PELANGGAN MERASA DIBERATKAN TERKAIT NO LAPOR K DAN K DAN K  K DAN K DAN K,-1
169,TERKAIT K PELANGGAN BERMAKSUD MENGAJUKAN PASANG BARU TARIF SUBSIDI DENGAN NO KTP PEMILIK BANGUNAN   ATAS NAMA BUDI DARMAWAN PEMOHON MENGAKU SEBAGAI PEMILIK PERSIL NAMUN PADA DATA APT TERTERA NO KTP   SUDAH TERDAFTAR SUBSIDI LISTRIK DENGAN ID PEL MILIK ORANG LAIN SESUAI INFO PELANGGAN SUDAH DIKONFIRMASI PETUGAS DAN DIARAHKAN UNTUK DATANG KE KANTOR UNIT PELANGGAN TELAH DATANG KE UNIT TGL  PUKUL  NAMUN PELANGGAN MERASA DIBERATKAN TERKAIT NO LAPOR K DAN K DAN K  K DAN K STS BATAL,-1
170,KLAPORAN BERULANG TERKAIT K K K DAN K PERMASALAHAN SEBELUMNYA PELANGGAN BERMAKSUD MENGAJUKAN PASANG BARU TARIF SUBSIDI DENGAN NO KTP PEMILIK BANGUNAN   ATAS NAMA BUDI DARMAWAN PEMOHON MENGAKU SEBAGAI PEMILIK PERSIL NAMUN PADA DATA APT TERTERA NO KTP   SUDAH TERDAFTAR SUBSIDI LISTRIK DENGAN ID PEL MILIK ORANG LAIN SESUAI INFO PELANGGAN SUDAH DIKONFIRMASI PETUGAS DAN DIARAHKAN UNTUK DATANG KE KANTOR UNIT PELANGGAN TELAH DATANG KE UNIT TGL  PUKUL  NAMUN PELANGGAN MERASA DIBERATKAN TERKAIT NO LAPOR K DAN K DAN K DAN K STS BATAL HINGGA SAAT INI BELUM ADA TINDAKLANJUT,-1
171,LAPORAN BERULANG TERKAIT K K K DAN K PERMASALAHAN SEBELUMNYA PELANGGAN BERMAKSUD MENGAJUKAN PASANG BARU TARIF SUBSIDI DENGAN NO KTP PEMILIK BANGUNAN   ATAS NAMA BUDI DARMAWAN PEMOHON MENGAKU SEBAGAI PEMILIK PERSIL NAMUN PADA DATA APT TERTERA NO KTP   SUDAH TERDAFTAR SUBSIDI LISTRIK DENGAN ID PEL MILIK ORANG LAIN SESUAI INFO PELANGGAN SUDAH DIKONFIRMASI PETUGAS DAN DIARAHKAN UNTUK DATANG KE KANTOR UNIT PELANGGAN TELAH DATANG KE UNIT TGL  PUKUL  NAMUN PELANGGAN MERASA DIBERATKAN TERKAIT NO LAPOR K DAN K DAN K DAN K STS BATAL HINGGA SAAT INI BELUM ADA TINDAKLANJUT,-1
172,daya tdk stabilkadang naik turun,-1
173,MCB sering njeglek,-1
174,Aktivasi meteran,-1
175,listrik mati dari tadi malam,-1
176,listrik mati,-1
177,mucul tulisan rusak pada kwh meter,-1
178,tolong dong listrik wilayah gondang ini dipindah jalur dari bojonegoro saja soalnya ikut carubanmadiun hampir tiap hari mati di musim penghujan seperti sekarang tentu itu merugikan kami sebagai pedagang kecil  ice cream meleleh contohnya  Penyebab kematiannyapun banyak seperti pohon tumbang konslet travo rusak yang paling bikin saya heran kadang tidak hujantidak ada anginpun juga mati terimakasih sebelumnya,1
179,selalu ada pemadaman setiap hari,-1
180,hampir setiap hari listrik padam kebutuhan listrik setiap hari kalau bisa listriknya ambil dari arah bojonegoro biar tidak terlalu sering pemadaman,1
181,PELANGGAN BERMAKSUD MENGAJUKAN PASANG BARU TARIF SUBSIDI DENGAN NO KTP PEMILIK BANGUNAN   ATAS NAMA BUDI DARMAWAN PEMOHON MENGAKU SEBAGAI PEMILIK PERSIL NAMUN PADA DATA APT TERTERA NO KTP   SUDAH TERDAFTAR SUBSIDI LISTRIK DENGAN ID PEL MILIK ORANG LAIN SESUAI INFO PELANGGAN SUDAH DIKONFIRMASI PETUGAS DAN DIARAHKAN UNTUK DATANG KE KANTOR UNIT PELANGGAN TELAH DATANG KE UNIT TGL  PUKUL  NAMUN PELANGGAN MERASA DIBERATKAN TERKAIT NO LAPOR K DAN K DAN K  K DAN K STS BATAL,-1
182,PELANGGAN NO METER  TIDAK BISA MEMASUKKAN STROOM LPB TERTERA KET GAGAL SISA  KWH  BANGUNAN MENYALA     ,-1
183,PELANGGAN BERMAKSUD MENGAJUKAN PASANG BARU TARIF SUBSIDI DENGAN NO KTP PEMILIK BANGUNAN   ATAS NAMA BUDI DARMAWAN PEMOHON MENGAKU SEBAGAI PEMILIK PERSIL NAMUN PADA DATA APT TERTERA NO KTP   SUDAH TERDAFTAR SUBSIDI LISTRIK DENGAN ID PEL MILIK ORANG LAIN SESUAI INFO PELANGGAN SUDAH DIKONFIRMASI PETUGAS DAN DIARAHKAN UNTUK DATANG KE KANTOR UNIT PELANGGAN TELAH DATANG KE UNIT TGL  PUKUL  NAMUN PELANGGAN MERASA DIBERATKAN TERKAIT NO LAPOR K DAN K DAN K DAN K STS BATAL,-1
184,PELANGGAN BERMAKSUD MENGAJUKAN PASANG BARU TARIF SUBSIDI DENGAN NO KTP PEMILIK BANGUNAN   ATAS NAMA BUDI DARMAWAN PEMOHON MENGAKU SEBAGAI PEMILIK PERSIL NAMUN PADA DATA APT TERTERA NO KTP   SUDAH TERDAFTAR SUBSIDI LISTRIK DENGAN ID PEL MILIK ORANG LAIN SESUAI INFO PELANGGAN SUDAH DIKONFIRMASI PETUGAS DAN DIARAHKAN UNTUK DATANG KE KANTOR UNIT PELANGGAN TELAH DATANG KE UNIT TGL  PUKUL  NAMUN PELANGGAN MERASA DIBERATKAN TERKAIT NO LAPOR K DAN K DAN K STS BATAL,-1
185,PELANGGAN BERMAKSUD MENGAJUKAN PASANG BARU TARIF SUBSIDI DENGAN NO KTP PEMILIK BANGUNAN   ATAS NAMA BUDI DARMAWAN PEMOHON MENGAKU SEBAGAI PEMILIK PERSIL NAMUN PADA DATA APT TERTERA NO KTP   SUDAH TERDAFTAR SUBSIDI LISTRIK DENGAN ID PEL MILIK ORANG LAIN SESUAI INFO PELANGGAN SUDAH DIKONFIRMASI PETUGAS DAN DIARAHKAN UNTUK DATANG KE KANTOR UNIT PELANGGAN TELAH DATANG KE UNIT TGL  PUKUL  NAMUN PELANGGAN MERASA DIBERATKAN TERKAIT NO LAPOR K DAN K STS BATAL,-1
186,MCB trip terus,-1
187,TERKAIT NO LAPOR K PELANGGAN BERMAKSUD MENGAJUKAN PASANG BARU TARIF SUBSIDI DENGAN NO KTP PEMILIK BANGUNAN   ATAS NAMA BUDI DARMAWAN PEMOHON MENGAKU SEBAGAI PEMILIK PERSIL NAMUN PADA DATA APT TERTERA NO KTP   SUDAH TERDAFTAR SUBSIDI LISTRIK DENGAN ID PEL MILIK ORANG LAIN SESUAI INFO PELANGGAN SUDAH DIKONFIRMASI PETUGAS DAN DIARAHKAN UNTUK DATANG KE KANTOR UNIT PELANGGAN TELAH DATANG KE UNIT TGL  PUKUL  NAMUN PELANGGAN MERASA DIBERATKAN,-1
188,tombol nomor  rusak,-1
189,MOHON TINDAK LANJUT DAN PENYELESAIANNYA BERDASARKAN INFO PELANGGAN TGL TERJADI GANGGUAN APP PRABAYAR RUSAK DIPERSI TSB G DAN TELAH DILAKUKAN PERBAIKAN OLEH PETUGAS BP HADI DENGAN CARA SAMBUNG LANGSUNG PASANG DUMMY DIBERIKAN BERITA ACARA NAMUN TIDAK TERDAPAT NOBA PELANGGAN MENGINGINKAN AGAR SEGERA DILAKUKAN PENANGANAN SESUAI KETENTUAN TERKAIT K BELUM ADA KONFIRMASI DAN TINDAK LANJUT STATUS DIBATALKAN,-1
190,kvhmeter tab terbakarleleh,-1
191,mab kwh meter rusak,-1
192,MOHON TINDAK LANJUT DAN PENYELESAIANNYA BERDASARKAN INFO PELANGGAN TGL TERJADI GANGGUAN APP PRABAYAR RUSAK DIPERSI TSB G DAN TELAH DILAKUKAN PERBAIKAN OLEH PETUGAS BP HADI DENGAN CARA SAMBUNG LANGSUNG PASANG DUMMY DIBERIKAN BERITA ACARA NAMUN TIDAK TERDAPAT NOBA PELANGGAN MENGINGINKAN AGAR SEGERA DILAKUKAN PENANGANAN SESUAI KETENTUAN,-1
193,mohon dibantu pemasangan segel dibox kwh meter,1
194,sdh beli token tp belom masuk sampai skrng,-1
195,MCB meteran sering jeglek,-1
196,listrik gak nyala mau d buat mroses  ngopen gabah,-1
197,listrik gak nyala mau d buat ngopen gabah  mroses beras  gak ngangkat dayane,-1
198,mcb gak bisa dan ada tulisan periksa,-1
199,listrik mati nyala,-1
200,listrik rumah padam,-1
201,Mcb sering anjlok,-1
202,MOHON PERIKSA APP DIKARENAKAN DIRAGUKAN BEROPERASINYA KWH DIRASAKAN TIDAK BERKURANG SEJAK TIDAK MENGETAHUI SISA KWH ,-1
203,MOHON BANTUAN PENGECEKAN JIKA TETANGGA PELANGGAN PADAM BANYAK RUMAH SUDAH NORMALNYALA NAMUN RUMAH PELANGGAN TIDAK OTOMATIS NYALAHARUS MENG ON KAN MCB PLN DAHULUBT   SISA PULSA  KWH  SAAT INI PTL NYALANORMAL,-1
204,meteran tidak nyala,-1
205,meteran tidak nyala,-1
206,tidak adanya arus listrik di kabel,-1
207,sudah x dari sore kemarin,-1
208,pasang baru no reg  status belum nyalapekerjaan selesai kapan nyatanya,-1
209,G ,1
210,kenapa saya tidak bisa mendapatkan subsidi listriksaya harus membayar tagihan mahal setiap bulannya,-1
211,kwh meter blank lcd dan lampu indikator tidak menyala tetapi listrik nya menyala,-1
212,keluar tulisan periksa,-1
213,sekring menyala,1
214,KWH Meter saya  KWH Tapi setting daya berlebih di meteran hanya  sehingga sering padam karena di meteran muncul tulisan BerlebihMohon untuk disetting ulang batas overload KWH Kami ke ,-1
215,MOHON BANTU PEMNGAMANAN JARINGAN UNTUK HARI INI WARGA SUDAH SIAP DENGAN KEGIATAN TERSEBUT TGL   MULAI PENGERJAAN PKL  MOHON BANTU KONFIRMASI PELANGGAN,1
216,lampu berkedip trus listrik matitombol meteran juga tidak berfungsi,-1
217,tombol gabisa dioencet,-1
218,MCB KWH Meter setiap  menit terputus WA yang jaga dilokasi  ,-1
219,jika di hidupkan keluar suara gemuruhkami tidak berani menghidupkan,-1
220,nct konslet rusak ndak bisa dinaikkan atau turunkan,-1
221,NCT nya rusak,-1
222,listrik mati pulsa habis tidak bisa di isi,-1
223,Sering tegangan listrik Tidak stabil dan sering pemadaman,-1
224,mau beli pulsa tidak bisa ada keterangan di blokir,-1
225,saat token di masukan muncul gagal terus padahal sudah benar,-1
226,No listrik ke blokir,-1
227,Tidak bisa isi token mengapa di blokir ,-1
228,Voltase tidak stabil,-1
229,kemarin saya beli token tidak bisa dimasukan karena kWh meter rusakakirnya diganti kWh meter baruapakah bisa saya tukarkan ke nomer Idpel yang baru,-1
230,nomor token tidak dapat masukgagal keterangan inchek,-1
231,sudah tambah daya dari  ke  kwh meter masih  dan sekarang nga bisa isi token,-1
232,Tegangan Listrik Sering Naik Turun Sudah  mingguan,-1
233,meter layar mati,-1
234,MOHON INFORMASI KE PELANGGAN TERKAIT BIAYA MENINGGIKAN KABEL JTR YG KENDUR KARENA RENOVASI MASJID DAPAT MENGHUBUNGI KE ,1
235,mau tambah daya tapi kok sudah ada permohonan padahal belum mengajukan minta bantuannya,-1
236,tidak bisa input token setelah tambah daya,-1
237,kwh meter terblokir tidak bisa di isi pulsa,-1
238,seringkali listrik padam dikit mati meskipun tidak hujan atau setelah gerimis sebentar dan durasinya lama,-1
239,mohon bantuannya utk pemindahan meteran listrik ke tembok samping ditempelkan,-1
240,pada saat mau masukkan token listrik tombol nomer ada beberapa yg tidak fungsi tidak bisa dipencet sehingga tidak bisa melakukan pengisian token,-1
241,nsb rusak,-1
242,tidak ada angin dan hujan deras tp listrik dipadamkan mohon segera di tangani,-1
243,kwh atau token listrik tidak berbunyi kalau mau habis tibatiba listrik pad,-1
244,ada kabe pln posisi turun,-1
245,MCB tdk bisa on atau of rusak,-1
246,Pemindahan dan Instalasi Tiang Kabel Listrik,-1
247,PELANGGAN INGIN DI BANTU UNTUK BUKA SEGEL APP KARENA KABEL TUFUR TERBAKAR DAN INGIN DILAKUKAN PERBAIKAN  PTL PADAM   HUB INI ,-1
248,mat pagi dulur ini kWh muncul priksa GK bisa isi pulsa minta bantuan ya ni pulsa tinggal  kWh temksh,-1
249,TANGGAL  PTL DIPUTUS SEMENTARA DAN TANGGAL   TAGIHAN BULAN FEB  BESERTA BK TELAH DILUNASI  PTL MINTA DISAMBUNG KEMBALI PELANGGAN ADA INFO DIMINTA DATANG KE RAYON PLN SETEMPAT NAMUN PELANGGAN INFOKAN ADA KENDALA KARENA SUDAH MALAM,-1
250,Meteran Menyala tapi lampu tidak menyala,-1
251,Sambungan listrik lampu depan konslet pak saklar lampunya kalo di nyalakan langsung padam satu rumah,-1
252,PELANGGAN PENDAFTARAN PB BT DAYA  VA NO AGENDA  REALISASI PENYAMBUNGAN TGL  NAMUN UKURAN DAYA TERPASANG MCB  A TIDAK SESUAI DENGAN DAYA KONTRAK,-1
253,mohon pengecekan meteran listrik karena  bulan ini hanya bayar  ribu biasanya diatas  ribu,-1
254,setelah migrasi ke token listrik sering padam sendiri posisi mcb msh on unt menyalakan lagi sekring hrs ditekan of dulu baru tekan lagi on listrik br nyala tks,-1
255,token di masukkan gagal,-1
256,Sudah selesai melakukan pengisian token listrik dan sudah ada keterangan pengisian berhasilTapi di meteran belum nambah sama dekali tokennya,-1
257,Mhon maaf sblmnya pas tgl pengecekan kWh pada tgl  februari  setelah petugas pergiselesai mengecek sya catat brp kWh saat itu dan yg tertera adalah tapi stlh sya membayar tagihan listrik sya knapa d tagihan muncul kWh  dan nominal rupiah nya pun jg otomatis bertambah pdhl pemakain bln  akhir hingga bln  itu jelas sya irit atu bnyk beberapa alat elektronik yg tidak sya fungsikan tapi mengapa tagihan listrik sya lebih mahal dari bulan Januari mhon penjelasannya pa ad kecurangan dipihak pengecekan atau bagaimana,-1
258,kode token tidak bisa di masukkan kwh meter,-1
259,meteran jeglekdan muncul suara percikan listrik,-1
260,KELUHAN BERULANG  K TGL   PTL DIPUTUS SEMENTARA DAN TANGGAL  TAGIHAN BULAN FEBRUARI  BESERTA BK STATUSNYA TELAH DILUNASI NAMUN PELANGGAN MERASA TIDAK MELAKUKAN PEMBAYARAN KARENA KETIKA PEMBAYARAN KETERANGAN TIDAK ADA TAGIHAN PTL MINTA DISAMBUNG KEMBALI,-1
261,TANGGAL   PTL DIPUTUS SEMENTARA DAN TANGGAL   TAGIHAN BULAN FEBRUARI   BESERTA BK STATUSNYA TELAH DILUNASI NAMUN PELANGGAN MERASA TIDAK MELAKUKAN PEMBAYARAN KARENA KETIKA PEMBAYARAN KETERANGAN TIDAK ADA TAGIHAN PTL MINTA DISAMBUNG KEMBALI,-1
262,meteran macet minta di ganti,-1
263,TANGGAL   TUNGGAKAN REKENING FEBRUARI   BERIKUT BK TELAH DILUNASI PTL MINTA SEGERA DISAMBUNG  ID PEL    S   ,-1
264,ubah daya,1
265,ada Pohon bamabu potensi untun konlestingpemadaman total desa Jelu ranting bambu nempel ke jaringan kabel ,1
266,Sudah memasukkan nomer token sesuai namun selalu gagal,-1
267,Sudah memasukkan nomer token sesuai namun selalu gagal,-1
268,MOHON TINDAK LANJUT DAN PENYELESAIANNYA BERDASARKAN INFO PELANGGAN TERJADI GANGGUAN APP RUSAK DIPERSIL TSB DAN TELAH DILAKUKAN PERBAIKAN OLEH PETUGAS BP BAGIO DENGAN CARA SAMBUNG LANGSUNG PELANGGAN MENGINGINKAN AGAR SEGERA DILAKUKAN PENANGANAN SESUAI KETENTUAN,-1
269,mcb kwh meter,-1
270,mcb kwh meter sering anjlok,-1
271,token diblokir,-1
272,MOHON BANTUAN PENGECEKAN PELANGGAN KONFIRMASI APP METER PELANGGAN SUDAH TUAUSANG BELUM ADA PERGANTIANPEREMAJAAN SEJAK APP METER TERPASANG SEHINGGA PELANGGAN MENGELUHKAN TAGIHAN BULANAN MENJADI MELONJAK JUGA,-1
273,MEMASUKAN TOKEN LISTRIK SELALU GAGAL,-1
274,MOHON BANTUAN PENGECEKKAN PELANGGAN MERAGUKAN BEROPERASINYA APP METER PRABAYAR KARENA BOROS DAN PELANGGAN INGIN APP METER DIGANTI KARENA SUDAH BERUMUR  TAHUN,-1
275,sudah laporan kemarin belum didatangi masukkan token listrik gagal,-1
276,mat pagi pak ni kWh padam rumah akibat ada getaran petir tadi malam minta bantuan,1
277,diisi token gagal terus,-1
278,tidak bisa memasukkan nomor token,-1
279,PELANGGAN PENGAJUAN PINDAH TIANGDIKARENAKAN DEPAN TOKONIK PELANGGAN  ,-1
280,Gagal Isi Token,-1
281,Listrik mati meteran sudah posisi on,-1
282,token tidak bisa masuk,-1
283,PELANGGAN PENDAFTARAN PB BVANO AGENDA  KODE PEMBAYARAN   BP LUNAS PADA TGL  PELANGGAN SUDAH MEMILIKI SLO NAMUN HINGGA SAAT INI BELUM REALISASI,-1
284,saya ingin membayar tagihan bulan februari kenapa yang muncul bulan maret ya kakmohon infonya,-1
285,Meteran listrik keliatannya tidak jalan,-1
286,meter listrik menunjukan tulisan periksa berulang ulang,-1
287,isi token selalu gagal jadi tidak bisa diisi tokennya padahal sudah dicek nomer token dan meteran sudah betul,-1
288,gagal isi token,-1
289,listrik nyala walau mcb of setelah tersambar petir,1
290,gak bisa beli token,-1
291,gak bisa beli token,-1
292,voltase sudah  tahun seginigini terus sudah lapor email surat ke ULP telpon  masih belum terselesaikan,-1
293,daya listrik menurun gak sampek ,-1
294,mat siang ini KWh ke blokir gagal beli token tolong kirimi nmr registrasinya ya kak ,-1
295,nomer    pada tombol token tidak bisa keluar angkanya,-1
296,minta kode temper kirim ke  saya bisa mengisi sendiri,1
297,apa ada masalah untuk pembelian tokenkenapa tidak bisa beli tokenapa ada masalah,-1
298,clear temper,-1
299,Saklar mcb dol,-1
300,Tagihan listrik naik,-1
301,Info dari PLN Sumberrjo verifikasi subsidi tidak dapat diproses karena data di PLN tidak sesuai dengan KTP dan KK harus mengurus Data Di Dinas Sosial Info dari Dinas Sosial terkait Data DTKS sesuai dengan KTP dan KK tidak dapat dirubah untuk itu apakah dapat merubah Data yang terdaftar di PLN agar sesuai KTP,-1
302,Pindah Ke TOKEN,1
303,Pindah Ke TOKEN,1
304,ID PEL  MOHON PERIKSA APP  BULAN LALU ANGKA REGISTER TDK BEROPERASI NAMUN TIDAK ADA PEMAKAIAN LISTRIK DIKARENAKAN TIDAK TAHU PENYEBABNYA STAND APP TGL    PELANGGAN PERNAH LAPOR DENGAN NO K STATUS SELESAI PELANGGAN SDH DIHUBUNGI OLEH PETUGAS DAN DIINFORMASIKAN AKAN DILAKUKAN PENORMALAN NAMUN BLM ADA TINDAK LANJUT,-1
305,MOHON PERIKSA APP APP RUSAK DAN ANGKA STAND APP TGL    SESUAI INFORMASI PELANGGAN TERJADI KERUSAKAN SEJAK BULAN JANUARI  MCB ON ATAU OFF INDIKATOR TETAP BERJALAN HINGGA SAAT INI BELUM ADA TINDAKLANJUT DARI PETUGAS PELANGGAN PERNAH LAPOR DENGAN NO K STATUS SELESAI PELANGGAN TIDAK KONFIRMASI sd X JAM,-1
306,info syarat baliknama,-1
307,CARA MENDAPATKAN SUBSIDI LISTRIK ITU GIMANA LANGKAHNYA,-1
308,KELUHAN BERULANG  K LAYAR APP METER PADAM PTL NYALA,-1
309,LAYAR APP METER PADAM PTL NYALA,-1
310,TANGGAL  FEB   PTL DIPUTUS SEMENTARA DAN TANGGAL  FEB   TAGIHAN BULAN FEB  BESERTA BK TELAH DILUNASI  PTL MINTA DISAMBUNG KEMBALI,-1
311,ingin ubah di subsidi,-1
312,mati lampu sebagian,-1
313,Pengajuan Subsidi,-1
314,MOHON BANTUAN KONFIRMASI TERKAIT SAAT PROSES PB TERDATA DENGAN TARIF SUBSIDI RT   SEJAK REALISASI PB BULAN NOVEMBER  NIK KTP  AN TIAH SAAT PELANGGAN MEMBELI TOKEN TARIF BERUBAH MENJADI RMT   PELANGGAN TDK PERNAH PENGAJUAN PERUBAHAN TARIF DAN PERNAH PENGAJUAN PERUBAHAN TARIF KE PETUGAS NAMUN BLM ADA TINDAKLANJUT,-1
315,MOHON BANTUAN PENGECEKAN DIRAGUKAN KONDISI BEROPERASINYA LPB    DISPLAY MUNCUL KET RUSAK   SEJAK   SETELAH ADA PEMADAMAN DILOKASI   SISA PULSA    KWH  PTL NYALA     TERIMAKASIH,-1
316,MOHON PERIKSA APP  BULAN LALU ANGKA REGISTER BEROPERASI   NAMUN TIDAK ADA PEMAKAIAN LISTRIK DIKARENAKAN TIDAK TAHU PENYEBABNYA STAND APP TGL   SESUAI INFORMASI PELANGGAN BELUM ADA TINDAKLANJUT DARI UNIT PLN SETEMPAT CCARIOSM TGL  JAM ,-1
317,pasang baru tapi tidak bisa melakukan pembayaran,-1
318,Setum tidak masuk ke rumah meteran listrik belum ada MCB,-1
319,MOHON UNTUK DITINDAKLANJUTI SEKITAR BULAN DES  PELANGGAN DATANG KE APL SETEMPAT PENGAJUAN PROSES PB  VA NAMUN SESUAI INFO PETUGAS WILAYAH SETEMPAT DISARANKAN MENGGUNAKAN DAYA  VA YBS MERASA TERLALU TINGGI UNTUK DAYA TSB DAN YBS SUDAH MENGAJUKAN SURAT KEBERATAN KE AREA NAMUN HINGGA SAAT INI BELUM ADA TINDAK LANJUT,-1
320,Alarm listrik tidak bunyi tiba sudah padam bagaimana caranya agar membunyikan alarm listrik lagi,-1
321,sering terjadinya mati lampu,-1
322,tidak bisa isi token pulsa,-1
323,mau isi token bisa masuk,-1
324,MOHON PERIKSA APP KACA APP BURAM BANYAK KOTORAN HEWAN SEHINGGA TIDAK DAPAT TERLIHAT,-1
325,izin lapor hari ini senin tanggal  pukul  saya sudah melakukan pembayaran listrik atas nama parti nomor rekening  dengan total bayar Rp   tapi ternyata siangnya siangnya masih ada petugas PLN yang memberikan struk pemutusan sementara akhirnya sama orangvtua saya dibayari lagi dengan jumlah uang Rp dikeranakan tidak tau kalau saya sudah membayar sedangkan saya pas posisi kerjapertanyaan saya apakah uang saya bisa dikembalikan,-1
326,voltase phase R sering drop tiap jam mohon segera di tindak lanjuti,-1
327,token sudah beli dari tokopedia tapi tidak bisa dimasukkan,-1
328,gagal masukan token,-1
329,mau isi toke gagal terus,-1
330,kabel listrik tertimpa pohon jati roboh,-1
331,perubahan daya sudah  hari belum pelaksanaan penyambungan,-1
332,tidak bisa isi token kiped rusak,-1
333,meteran mati,-1
334,kabel jtr jatuh didepan gerbang sekolahan,-1
335,MOHON TINDAK LANJUT DAN PENYELESAIANNYA BERDASARKAN INFO PELANGGAN TGL  TERJADI GANGGUAN KEYPAD RUSAK TERKAIT LAPORAN G DIPERSIL TSB DAN TELAH DILAKUKAN PERBAIKAN OLEH PETUGAS BP ANDRE DAN SUROSO DENGAN CARA SAMBUNG LANGSUNG DENGAN BERITA ACARA PELANGGAN MENGINGINKAN AGAR SEGERA DILAKUKAN PENANGANAN SESUAI KETENTUAN,-1
336,kwh meter terkadang menimbulkan suara bendengung setiap kali berdengung disertai lampu rumah dan peralatan  elektronik yg berkedip dan terkadang listrik mati padahal posisi saklar kwh meter dan sekreng ON,-1
337,Konsleting Listrik,-1
338,PELANGGAN TIDAK BISA INPUT TOKEN KET GAGAL SISA TOKEN   KWH PTL TIDAK PADAM,-1
339,voltase turun drastis tidak cuma rumah ini tapi beberapa rumah juga lampu dan elektronik tidak dapat nyala,-1
340,mohon dibantu penormalannya tegangan tidak normal di satu bangunan BTS tower,-1
341,token dimasukkan salah trs pdhal udh benar,-1
342,token gk bs msk salah trs,-1
343,DISPLAY APP PADAMBLANK SEJAK  PTL MENYALA INGIN SEGERA DITANGANI KARENA AKAN MENGISI PULSA,-1
344,untuk melengkapi seal tera karena aktual tidak lengkap,-1
345,perubahan daya,-1
346,TGL   REK FEBRUARI  BERIKUT BK  TELAH DILUNASI VIA BANK BCA PTL MINTA SEGERA DISAMBUNG KEMBALI,-1
347,token tidak bisa di masukkan,-1
348,mau di isi keburu mati,-1
349,tidak bisa input token,-1
350,PELANGGAN MELAPORKAN PERTANGGAL HARI INI  FEBRUARI  ADA PERGANTIAN KWH METER UNTUK PEREMAJAAN NAMUN SEBELUM DIGANTI MASIH ADA SISA STROOMNYA DAN DIKWH METER SEKARANG HANYA MUNCUL  KWH MOHON DIBANTU DAN KONFIRMASI PELANGGAN,-1
351,Lampu rumah mati,-1
352,pembelian token no idpel selalu salah,-1
353,Saklar meteran tibatiba sering mati sendiri sudah x sejak tadi pagi Mohon bantuannya untuk diperiksa,-1
354,KWH meter suka turunmati dimalam hari,-1
355,KWH meter Nga bisa ke On,-1
356,token dimasukkan gagal terus,-1
357,Pengisian Token Tidak Bisa,-1
358,mohon bantuannya untuk memindahkan meteran listrikalamat jl panglima polim sumbang gg relloco depan gladiator,-1
359,kode token tidak bisa di masukkan kwh meter,-1
360,sekitar   minggu voltase anjlok lagi,-1
361,telah mengalami pemadaman seagian,-1
362,PERMOHONAN PS NON PELANGGAN   DAYA   VA  TANGGAL PELAKSANAAN    PUKUL    WIB DENGAN NOMER AGENDA   NO REGISTER   SUDAH LUNAS TANGGAL   NAMUN HINGGA SAAT INI BELUM REALISASI,-1
363,MOHON TINDAK LANJUT DAN PENYELESAIANNYA TGL  PROSES PD PROMO DENGAN DAYA STVA STVA DENGAN NO REGISTER  TGL  SUDAH DI LAKUKAN PEMBAYARAN BIAYA PENYAMBUNGAN SESUAI INFORMASI PELANGGAN MENDAPATKAN KONFIRMASI DARI UNIT PLN SETEMPAT UNTUK PD KE DAYA VA TIDAK DAPAT DI LAYANI DAN HARUS KE DAYA  PHASA PELANGGAN MENGHENDAKI PETUNJUK DAN ARAHAN TERKAIT PERMOHONAN PD PROMO TERSEBUT,1
364,mohon bantuannya untuk memindahkan posisi Meteran  ke dinding depan rumah karena saat ini posisinya dalam rumah terima kasih alamat lengkap jl panglima polim gg Relloco,-1
365,PELANGGAN BERMAKSUD UBAH NAMA DARI SUGENG HERRY SATRIA KE BUDI ROCHMAN,-1
366,listrik mati,-1
367,MCB Meteran rusak tidak bisa dinyalakan,-1
368,listrik dirumah tiba padamlalu meteran kwh menunjukan tulisan lo volt,-1
369,pengelupasan kabel di gardu,-1
370,MCB rusak,-1
371,listrik mati,-1
372,gagal isi token,-1
373,PELANGGAN PENGAJUAN PB DAN REALISASI TGL  SESUAI INFO PELANGGAN SAAT INI KABEL SR YANG TERPASANG TERLALU KECIL DAN PELANGGAN KHAWATIR TERHADAP KONDISI JARINGAN LISTRIK  IDPEL ,-1
374,habis penebangan pohon kabel tergeser ke bawah menganggu orang lewat,-1
375,mohon maaf pak atau Bu admin yg rusak atau ada kendalanya di rumah bapak muji  belakang rumah bapak Subari  kendala listrik kalau MCB panas Pasti njeglek atau listrik padam sampai saat ini sudah  hari kendala begitu,-1
376,saya sdh mengajukan perbaikan kabel listrik yg melintang di lahan kami sdh  Minggu blm ditangani karena lahan mau di banguntempat di Utara STIE cendikia bojonegoro,-1
377,token tidak bisa dimasukkanselalu gagal pada monitor,-1
378,kWh meter keluar periksa,-1
379,bau gosong di meteran listrik,-1
380,Tiang listrik mau roboh mohon dibantu,-1
381,Tagihan Listrik tidak sesuai pemakaian total tagihan mencapai rb,-1
382,PELANGGAN PENDAFTARAN PB B VA  NOMER AGENDA  P LUNAS PADA TGL  PELANGGAN SUDAH MEMILIKI SLO NAMUN HINGGA SAAT INI BELUM REALISASI PELANGGAN INGIN DI HUBUNGI TERKAIT KEPASTIAN DAN INGIN DI PERCEPAT PEMASANGANNYA,-1
383,kabel listrik terlalu kebawah ada yg menempel di atap rumah warga  kwatir terjadi konslet,1
384,input token gagal,-1
385,semalam token listrikku tidak dapat di isi,-1
386,MOHON TINDAK LANJUT DAN PENYELESAIANNYA PERGANTIAN APP PRABAYAR KARENA PEREMAJAAN SESUAI INFO PELANGGAN  MASIH TERDAPAT SISA KWH PADA ID METER LAMA   YBS MENGINGINKAN AGAR TOKEN TSB DAPAT DIKONVERSI KE APP BARU ID METER   PELANGGAN HUB KEMBALI CCPUSPITALC,-1
387,untuk tombol meteran angka    tidak bisa di tekan jadi tidak bisa mengisi token listrik puri Blok D ,-1
388,padam banyak rumah sudah sekitar  menit tolong segera perbaikannya trims,-1
389,rekening melonjak,-1
390,PELANGGAN PENDAFTARAN PB  PAKET NIDI dan SLO TARIFDAYA B   NOMER AGENDA   BP LUNAS PADA TGL  NAMUN HINGGA SAAT INI BELUM REALISASI INFO PELANGGAN SYARAT PENYAMBUNGAN SUDAH DISERAHKAN KE PLN  TGL    TERKAIT K K DAN K BELUM ADA TINDAK LANJUT,-1
391,MASALAH PADA TOKEN LISTRIK MUSHOLA,-1
392,KESULITAN ENTRY TOKEN KETERANGAN GAGAL SISA PULSA SAAT INI   KWH NO TOKEN     ,-1
393,PELANGGAN TIDAK DAPAT INPUT TOKEN SETELAH UPDATE VKRN  SISA  KWH PTL TIDAK PADAMDIALIHKAN K CCNITA,-1
394,tidak dapat beli token,-1
395,gagal isi token,-1
396,MUTASIK Gkabel terputus  kabel istalasi terputus dari tiang,-1
397,kabel istalasi terputus dari tiang,-1
398,tombol kWh meter untek pengisian token rusak tidak bisa digunakan,-1
399,lampu penerang jalan raya nyala tetapi lampu rumah warga mati sejak jam ,-1
400,Listrik padamsebelum padam spedometer mengeluarkan bunyi bising dan asap,-1
401,PELANGGAN TIDAK DAPAT MELAKUKAN PEMBELIAN TOKEN TERTERA NOMOR METER SALAH,-1
402,Tiap hari pemadaman titik masalah dimana ya ,-1
403,seminggu minimal padam x sudah  tahun,-1
404,PELANGGAN MENGAJUKAN PROSES TURUN DAYA R   VA  R   VA MELALUI APLIKASI PLN MOBILE DENGAN STATUS PERMOHONAN MENUNGGU VERIFIKASI PLN UNIT DAN STATUS PADA APT PERMOHONAN BELUM DISAHKAN MANAGER YBS INGIN SEGERA DAPAT DITINDAK LANJUTI,-1
405,Sering mati listrik di daerah saya Hujan sedikit padam,-1
406,tambah daya listrik,1
407,hbs migrasi kwh tdk ada mcbnya,-1
408,kwh hbs penggantian ook tdk ada mcbnya,-1
409,Gagal isi token,-1
410,Gagal isi token,-1
411,tidak bisa isi token,-1
412,kenapa sangaaat sering mati lampu padahal tidak hujan tidak petir tidak angin didaerah saya tapi kalau hujan petir angin malah mati lampu,-1
413,pemadaman banyak rumah lagi,-1
414,kWh meter dinyalakan beberapa detik offjeglek,-1
415,kvhmeter matikena petir,-1
416,pembelian token tidak bisa di masukan kode no nya dan di keterangan tulisan gagal,-1
417,periksa,-1
418,mau turun daya,-1
419,layar meteran gak keliatan angkanya,-1
420,token baru beli kok dimasukan ada tulisan terpakai padahal ini baru beli,-1
421,tidak bisa memasukkan token meter an error saat memasukkan token baru  sampai  angka terhapus sendiri,-1
422,kwh terblokir,-1
423,Meteran rusak,-1
424,saya beli token di pln mobile Rp tapi saya masukkan kok tidak bisa ya ada keterangan terpakai tapi token belom masuk sedangkan saldo saya sudah berkurang tolong di bantu ya,-1
425,TERKAIT K MOHON PENGECEKAN ANGKA STAND APP PASCABAYAR TIDAK BERGERAK PTL NYALA,-1
426,arus listrik hanya sampai di under ground,-1
427,nomor token yang dibeli tidak bertambah daya ketika di isikan ke meteran PLN,-1
428,stand angka macet,-1
429,tidak dapat beli token,-1
430,gagal memasukan token listrik,-1
431,DI WILAYAH TSB PTL SERING PADAM BANYAK RUMAH DALAM DURASICMINGGU TERAKHIR HAMPIR BERAPA KALI PADAM PTL TIDAK PADAM SAAT INI MOHON DILAKUKAN PENGECEKAN,-1
432,terkendala  desa listrik nyala mati sudah  kali listrik tidak ngangkat buat nyalain elektronik lampu kedip,-1
433,token hampir habis kwh tidak bisa diisi token,-1
434,tidak bisa isi token kwh muncul periksa,-1
435,Cuma mau nanya boss sampe jam berapa listrim padam ,-1
436,kabel kongslet dan terbakar diatas pohon,-1
437,meteran saya muncul tulisan inscek,-1
438,listrik gak bisa diisi token gagal terus,-1
439,meteran rusakhilang karna kebakaran,-1
440,tidak dapat beli token,-1
441,gagal isi token,-1
442,gagal isi token,-1
443,registrasi tambah daya tidak bisa,-1
444,tegangan listrik di area ruko drop,-1
445,Voltase turun,-1
446,Voltase Turun kah,-1
447,Meteran listrik mati,-1
448,meteran listrik tidak menyala,-1
449,Meteran mati tidak berputar,-1
450,tagihan melonjak mohon dicek,-1
451,kWh error,-1
452,listrik padam kabel SR putus,-1
453,MOHON PERIKSA APP PRABAYAR BUZZER ALARM BERBUNYI PELAN SEBELUMNYA KENCANG,-1
454,listrik padam lagi bos ini perhitungan pemilu malah mati laginyalain bosjgn padam ae,-1
455,listrik mati lagi pak nyapa sebentar langsung mati lagi,-1
456,Voltage PLN  volt atau  volt toling dinormalkan karena compressor di PT BAG tidak bisa Running,-1
457,Nomor token tidak ditemukan padahal sudah sesuai dan biasanya bisa,-1
458,Tegangan tidak stabil naik turun,-1
459,turun daya,-1
460,turun daya,-1
461,kWh meter keluar priksasekarang listrik padam,-1
462,mcb meteran lemah,-1
463,token beli di indomaret tapi dimasukan gagal,-1
464,MOHON BANTUAN KONFIRMASI KE PELANGGAN TERKAIT PENDAFATARAN PB ATAS NAMA PJL KOLONG DAN PJL DUKUH KIDUL SUDAH NYERAHKAN SLO DAN NIDI KE UNIT PLN  PADA TGL  NAMUN BELUM DAPAT NO REGISTER,-1
465,PELANGGAN PENDAFTARAN PB PRABAYAR TARIF RTDAYA VA NOMER AGENDA  NO REGISTER  BP LUNAS PADA TGL  PELANGGAN SUDAH MEMILIKI SLO NAMUN HINGGA SAAT INI BELUM REALISASI,-1
466,kabel arah ke rumah terlalu kencang sehingga tiang atap rumah ketarik dan copot,-1
467,pengajuan pasang baru untuk  pompa air pawitnat desa ngablak Dy  kva tarif LT survey tgl  desember   pompa air hj Sri purwani desa Sukoharjo Dy  kva tarif LT survey tgl  desember  kira kapan ya soalnya bulan Maret mau dipakai ngairi sawah sampai sekarang belum ada jawaban,-1
468,gagal isi token,-1
469,kWh meter tertera tulisan periksa mau isi token Ndak bisa masuk,-1
470,tidak ada arus listrik,-1
471,PELANGGAN MENGAJUKAN PENDAFTARAN PB BT  VA KE ULP SUDAH DISURVEY PETUGAS AKHIR JAN  NAMUN BELUM ADA TINDAK LANJUT,-1
472,Mohon info permohonan tambah daya belum di proses Terimakasih,-1
473,Meteran Listrik selalu menujukan periksa meski sudah dilakukan temper setelah berhasil tapi balik lagi menunjukan periksa berulangulang,-1
474,PELANGGAN PENGAJUAN GESER SR DIKARENAKAN RENOVASI PELANGGAN INGIN DI CEK TERLEBIH DAHULU,-1
475,syarat turun daya,-1
476,PELANGGAN TIDAK BISA INPUT TOKEN SETELAH UPDATE VKRN  PTL TIDAK PADAM SISA  KWH NO TOKEN     ,-1
477,kabel besar antar tiyang turun kebawah nglengsreh,-1
478,PELANGGAN PENDAFTARAN PB  PAKET NIDI dan SLO TARIFDAYA B   NOMER AGENDA   BP LUNAS PADA TGL  NAMUN HINGGA SAAT INI BELUM REALISASI INFO PELANGGAN SYARAT PENYAMBUNGAN SUDAH DISERAHKAN KE PLN  TGL    TERKAIT K DAN K BELUM ADA TINDAK LANJUT,-1
479,mat siang  dulur ni kWh bisa beli token tapi token di masukan bolak balik gagal trsmungkin kena kct minta bantuan ya trmksh,-1
480,MOHON BANTUANNYA  SELESAI KAN PROSES YANG ADA MAU PROSES TIDAK BISA TERKENDALA PROSES YG BELUM SELESAI  TERIMA KASIH,-1
481,MCB meteran saya rusak pakmohon diperbaiki,-1
482,Gamet tidak bisa di isi pulsaselalu gagal token hampir habis,-1
483,MOHON TINDAKLANJUT DAN PENYELESAIANTGL   PELANGGAN DENGAN NO METER  TIDAK DAPAT MELAKUKAN PEMBELIAN TOKEN PADA DATA PAPST TERTERA SILAHKAN KIRIM DIL PREPAID KE PAPST  SISA  KWH,-1
484,listrik padam  rumah,-1
485,listrik padam sejak  menit lalu dan tetangga sekitar juga mengalami padam listrikDalam  hari sudah lebih dari  kali mengalami padam listrik dan hampir tiap hari mengalami padam listrik tanpa ada pemberitahuan juga,-1
486,NOMOR METER  TERKAIT KESULITAN PEMBELIAN TOKEN DI TOKOPEDIA DAN SHOPEE DENGAN KETERANGAN NOMOR TIDAK TERDAFTAR DAN KETERANGAN SILAHKAN KIRIM DIL PREPAID KE PAPST PADA APLIKASI LPB PAPST SISA PULSA SAAT INI  KWH  PTL MENYALA INFO PELANGGAN BELUM  ADA PENGGANTIAN APP,-1
487,kwh meter prabayar sudah beli token dan sudah diisi token namun kwh tidak masuk sehingga listriknpadam dan tidak bisa nyala,-1
488,voltase naik turun antara  volt kabel jaringan dari tiang ke rumah sekitar  meter kondisi sudah rusakpecah kulitnya,-1
489,pemindahan KWH Meter,-1
490,token mati ttapi lampu masih nyala,-1
491,Tegangan Drop,-1
492,Tegangan Drop,-1
493,GAGAL ISI TOKEN ATAU MINTA KODE RISET,-1
494,Token masih tidak bisa diisi gagal trus,-1
495,listriknya sering mati,-1
496,voltasenya kelihatannya turun sering nggak kuat,-1
497,kwh meter angka  gabisa ditekan listrik padam,-1
498,muncul PERIKSA,-1
499,Ada ranting pohon lumayan besar di jalur kabel pln takutnya bisa jatuhin kabel,1
