text,label
"voltase nya turun, panel ada 3 tetapi ada 1 penel yang tidak bisa mengangkat daya. jadi sebagian listrik padam",-1
"voltase naik turun berakhibat mcb turun (jeglek), elektronik rumah, ac kulkas sering rusak belum ada perbaikan dari pln",-1
"voltase turun, perangkat ac saya tidak bekerja dengan baik",-1
listrik mati tengga kanan kirimi menyala,-1
pulsa tidak bisa masuk,-1
"PELANGGAN PENGAJUAN PINDAH APP, DIKARENAKAN RENOVASI. PELANGGAN BERADA DI LOKASI SAMPAI DENGAN PUKUL 15.30",-1
518011824528 mohon bantuanya listrik ad gangguan,-1
1 RUMAH SERING PADAM,-1
info kapan di pasang pelunasan tgl 16-03,-1
voltase drop kisaran 84-120 volt,-1
listrik jeglek terus,-1
sering mati lampu di beberapa rumah termasuk rumah saya sering sekali,-1
"Listrik voltase nya naik turun, bohlam sebentar nyala sebentar matikipas angin mati karena voltase naik turun",-1
"Voltase Turun Naik , Lampu Mati Nyala mati Nyala Sudah 1 jam",-1
alarm token habis gak bunyii,-1
"saya membeli token listrik sebesar 500.000 tetapi salah id pelanggan. apkah saya masih refund atau bisa dialihkan ke kode id pln saya, sehingga token yg saya beli tidak hangus. terimakasih",-1
say beli token senilai 500.000 tapi ternyata saya beli salah nonid pln. apakah bisa dibantu untuk refund atau bisa dibantu untuk merubah ke no id pln saya. agar token listrik yg saya beli tidak hangus.,-1
saya beli token listrik sebesar 500rb ketika mau dimasukan tokennya ternyata salah nomer id pln. apakah bisa dibantu untuk mengembalikan dana atau bisa diganti ke no id pln saya sehingga token tidak hangus,-1
"LAPORAN SEBELUMNYA K5124032600927. PELANGGAN DAFTAR PD PROMO B2T/5500 VA KE B2T /11.000 VA, NO REGISTER 5180115051507 .BP LUNAS PADA TGL 17/03/2024, SUDAH ADA SURVEY OLEH PETUGAS TGL 25/03/2024 NAMUN HINGGA SAAT INI BELUM REALISASI . PELANGGAN DIINFOKAN BAHWA ULP TIDAK MELAYANI DAYA 11.000 VA DAN MENYARANKAN PELANGGAN DAFTAR KE LISTRIK 3 PHASE SEPERTI 10.600 VA / 13.200 VA SEDANGKAN YBS TIDAK BERKENAN.HANYA BERKENANNYA 7700 VA.",-1
Pulsa tidak bisa masuk...ada tulisan Perika,-1
voltase durung g biza pake kerja,-1
gak bisa masukan nomer token,-1
token listrik habis tidak bisa di isi kondisi listrik padam,-1
isi token gagal terus,-1
pengaduan tagihan,-1
token tidak bisa masuk,-1
meter trobel,-1
"MCB lemah.sebelumnya sudah membuat laporan ke listrique, setelah dianalisa ternyata permasalahannya di MCB lemah. karena sepanjang pagi hingga siang ini beberapa kali jeglek/padam secara random. padahal biasanya tidak pernah terjadi.",-1
mat siang kak ini gangguan muncul priksa GK bisa di isi pulsa alarem udah bunyi bantuanya ya kak di tunggu swn..?,-1
Speedometer mati,-1
"TANGGAL - PTL DIPUTUS SEMENTARA DAN TANGGAL 29/03/2024 TAGIHAN BULAN MARET 2024 BESERTA BK TELAH DILUNASI  PTL MINTA DISAMBUNG KEMBALI  , APP DIAMBIL PETUGAS",-1
token gagal dimasukkan,-1
"PELANGGAN KONFIRMASI KWH METER DIBAWA PETUGAS KARENA GANGGUAN G5124031502108 ( 1 RUMAH PADAM (PRABAYAR) DISPLAY APP PADAM/BLANK ) SEJAK TANGGAL 15/03/2024 TIDAK MENDAPAT BERITA ACARA PEMBERITAHUAN AKAN TETAPI BELUM ADA PEMASANGAN KEMBALI, KONDISI RUMAH (DIHUNI)",-1
muncul tulisan periksa pada meteran listrik mohon kirimkan kode clear tamper ke no wa 085781241139,-1
muncul tulisan periksa pada meteran listrik mohon kirimkan kode clear tamper ke no wa 085781241139,-1
muncul tulisan periksa pada meteran listrik mohon kirimkan kode clear tamper ke no wa 085781241139,-1
"KELUHAN BERULANG : K5224032801404 DAN K5424032806036, TGL 16-03-2024  PROSES PB (R1MT/900 VA) MELALUI PLN MOBILE DENGAN KODE AGENDA  518019912403164628 . TGL16-03-2024 BP DAN STROOM AWAL TELAH DILUNASI. MOHON UNTUK SEGERA DIREALISASIKAN",-1
"permasalahan kemungkinan pada meteran listrik, sudah 2 hari ini listrik sering jeglek dengan interval kurang lebih 6 jam sekali, dugaan kami sepertinya meteran listrik yg bermasalah, saandainya ada konsleting listrik, tentu tidak akan bisa dinyalakan lagi. terima kasih.",-1
sering mati lampu apalagi saat hujan sudah pasti mati lampu,-1
kwh muncul periksa,-1
"KELUHAN BERULANG : K5224032801404, TGL 16-03-2024  PROSES PB (R1MT/900 VA) MELALUI PLN MOBILE DENGAN KODE AGENDA  518019912403164628 . TGL16-03-2024 BP DAN STROOM AWAL TELAH DILUNASI. MOHON UNTUK SEGERA DIREALISASIKAN PENYAMBUNGAN.",-1
TGL 16-03-2024  PROSES PB (R1MT/900 VA) MELALUI PLN MOBILE DENGAN KODE AGENDA  518019912403164627 . TGL16-03-2024 BP DAN STROOM AWAL TELAH DILUNASI. MOHON UNTUK SEGERA DIREALISASIKAN PENYAMBUNGAN.,-1
TGL 16-03-2024  PROSES PB (R1MT/900 VA) MELALUI PLN MOBILE DENGAN KODE AGENDA  518019912403164628 . TGL16-03-2024 BP DAN STROOM AWAL TELAH DILUNASI. MOHON UNTUK SEGERA DIREALISASIKAN PENYAMBUNGAN.,-1
"MOHON BANTUAN TINDAK LANJUT ANGKA COUNTER PADA APP TIDAK BEROPERASI, SEJAK 2 BULAN LALU. PTL MENYALA. ANGKA METER TANGGAL  28 / 03 / 2024= 25.686",-1
kwh meter saya berbunyi terus dan ada tulisan RUSAK dimonitor kwh,-1
listrik kok turun daya aja mau pakai AC Ndak bisa dingin ini solusinya gimana,-1
listrik kok turun daya aja mau pakek AC gak bisa dingin,-1
meteran tulisan periksa,-1
DI WILAYAH TERSEBUT PTL SERING DROP. DALAM 1 MINGGU TERAKHIR SETIAP HARI MENGALAMI DROP,-1
PELANGGAN TIDAK BISA INPUT TOKEN SETELAH UPDATE VKRN 43 ( PTL NYALA) SISA KWH TIDAK DIKETAHUI NO TOKEN 2933 5221 3075 7593 6655,-1
meteran keluar asap,-1
listrik padam.,-1
mau memindahkan meteran listrik dikarenakan renovasi rumah,-1
pembanyaran bulan ini terlalu banyak dari biasanya padahal tidak ada penambahan kebutuhan listrik sama kayak bulan lalu tapi knpa bulan ini pembanyarannya melejit 2x lipat,-1
"pembayaran bulan ini terlalu banyak tidak seperti bulan lalu , tidak ada penambahan listrik knpa pembayarannya bisa banyak ?",-1
"KELUHAN BERULANG : K5124032600540,PELANGGAN DAFTAR PD PROMO B2T/5500 VA KE B2T /11.000 VA, NO REGISTER 5180115051507 .BP LUNAS PADA TGL 17/03/2024, SUDAH ADA SURVEY OLEH PETUGAS TGL 25/03/2024 NAMUN HINGGA SAAT INI BELUM REALISASI . PELANGGAN DIINFOKAN BAHWA ULP TIDAK MELAYANI DAYA 11.000 VA DAN MENYARANKAN PELANGGAN DAFTAR KE LISTRIK 3 PHASE SEPERTI 10.600 VA / 13.200 VA SEDANGKAN YBS TIDAK BERKENAN. MOHON SOLUSI DAR PLN SETEMPAT",-1
kwh keluar periksa sama ada dad tangannya,-1
" PELANGGAN 86241142149 PENDAFTARAN PD TARIF 5500-11.000 B2T  NOMER AGENDA 518019922403173715 NO REGISTER :  5180115051507 BP LUNAS PADA TGL ( 17/03/2024 ), SEMPAT ADA SURVEY OLEH PETUGAS TGL   25/03/2024 NAMUN HINGGA SAAT INI BELUM REALISASI . DITUNGGU KEJELASAN KE CP .",-1
tegangan drop sejalur,-1
"TANGGAL 25/03/2024 PENGGANTIAN APP RUSAK KEMUDIAN DIGANTI DENGAN DENGAN NOMOR METER BARU 56234562884, PELANGGAN ADA PEMBELIAN PULSA TOKEN TANGGAL 02/03/2024 NOMER TOKEN 0108 4296 7335 6660 8963 BELUM DIENTRYKAN KE APP YANG LAMA",-1
518010011508 mohon bantuanya listrik buram minta ganti biar jelas d kontrol,-1
"meteran prabayar kedipkedip ,layar gk gelas ,tombol gk fungsi,mohon di ganti baru",-1
"kenapa nomer meter saya kok tidak bisa di ubah daya,dan keterangan selesaikan proses pengajuan. LU LAY LC CC.54.FARISY.SM INFO UBAH TARIF SUDAH DIJELASKAN PLN123",-1
listrik sering Nyala mati nyala mati,-1
TGL 13/3/2024 PENANGANAN GANGGUAN DENGAN CARA SAMBUNG LANGSUNG DENGAN NO LAPORAN GANGGUAN G5224031303316. PELANGGAN TIDAK MENERIMA BA. MOHON AGAR SEGERA DAPAT DIDILAKUKAN PENORMALAN. PTL NYALA,-1
"voltase listrik naik turu, tidak bisa di buat kerja, mohon di perbaiki",-1
"saklar meteran listrik kadang on of, lampu indikator saklar berkedip. pemakain biasa, meteran pakai pulsa, mohon pemeriksaanya.",-1
"voltase naik turun, tidak bisa di buat kerja",-1
"SEBELUMNYA APP PELANGGAN TERBAKAR AN DI GANTI SEMENTARA DENGA APP PASCABAYAR , PELANGGAN DIJANJIKAN AKAN DI GANTI KE PRABAYAR SPERTI SEULA NAMUN SAMPAI SAAT INI BELUM ADA FOLLOWUP , MOHON BANTUANNYA",-1
Timbul Periksa di isi pulsa tidak bisa,-1
no id tidak bisa diisi,-1
Tombol untuk memasukan Token tidak bisa,-1
"MOHON PERIKSA APP PRABAYAR DISPLAY TERTERA GAGAL, SISA KWH 14(cc.52.adi_n.sm/lapor lagi)",-1
"jeglak jeglek, spido meter TDK nyala",-1
TGL 23/03/2024 PELAPORAN PELANGGAN MELALUI (Live Chat PLN Mobile) DENGAN NOMOR LAPOR G5224032301402 PERIHAL APP BLANK PTL MENYALA PERBAIKAN DILAKUKAN OLEH PETUGAS PLN DENGAN CARA SAMBUNG LANGSUNG. MOHON AGAR (APP) DAPAT DIPASANG SESUAI KETENTUAN.,-1
kWh meter 3fhasa mati 2 fhase,-1
TERKAIT K5324032300703 TERKAIT NO LAPOR K5324032100187  DIBANTU KONFIRMASI PELANGGAN TERKAIT PASANG BARU BLM REALISASI DGN NO REG 5180111147188.SEMPAT DIJANNJIKAN HARI JUMAT PELANGGAN MENGINGINKAN PEMASANGAN HARI INI. STATUS BATAL (DIBATALKAN OLEH PELANGGAN) NAMUN PELANGGAN TIDAK MEMBATALKAN LAPORAN TSB. MOHON KONFIRMASI SEGERA,-1
tidak bisa memasukkan no token,-1
tidak bisa memasukkan no token,-1
MOHON PERIKSA APP DIKARENAKAN DIRAGUKAN BEROPERASINYA (KWH DIRASAKAN TIDAK BERKURANG). SEJAK TIDAK MENGETAHUI. SISA KWH 3200,-1
"PELANGGAN KONFIRMASI KWH METER DIBAWA PETUGAS KARENA GANGGUAN SEJAK TANGGAL DD/MM/YY MENDAPAT /TIDAK BERITA ACARA  PEMBERITAHUAN AKAN TETAPI BELUM ADA PEMASANGAN KEMBALI, KONDISI RUMAH (DIHUNI/TIDAK)",-1
TERKAIT NO LAPOR K5324032100187  DIBANTU KONFIRMASI PELANGGAN TERKAIT PASANG BARU BLM REALISASI DGN NO REG 5180111147188.SEMPAT DIJANNJIKAN HARI JUMAT PELANGGAN MENGINGINKAN PEMASANGAN HARI INI,-1
"mohon dibantu pak, saklar MCB KWh meter tidak bisa ON,  ketika dinyalakan seperti tidak ada beban atau doll dan kembali ke posisi OFF",-1
tambah daya dari R1 900 ke B1 2200 sementara ini masih ttap di posisi R1 2200 mohon tanggapannya.,-1
MOHON UNTUK DITINDAKLANJUTI. PENGAJUAN PROSES GESER APP DIKARENAKAN RENOVASI DENGAN NO. KTP PEMILIK 3522062909550001 AN. WIDJI BAGYO SUSANTO. PEMOHON MENGAKU SEBAGAI PEMILIK.,-1
meteran listrik tidak bisa di on kan,-1
"MOHON TINDAKLANJUT DAN PENYELESAIAN, REK FEBRUARI- MARET 24 STAND AKHIR : 15595 (DATA PADA ACMT : 15595),STAN APP  TGL 23/03/24 : 15875. PLN 123 TELAH MENJELASKAN SESUAI KETENTUAN NAMUN PELANGGAN BERKEBERATAN.",-1
mcb selalu off tidak bisa di nyalakan,-1
slamat pagi dulur ni gaguan kWh muncul priksa GK bisa di isi token pulsa minta bantuan di tunggu ya trm ksh?,-1
pemadaman lokal,-1
"PELANGGAN SUDAH MENGAJUKAN PERMOHONAN PASANG BARU VIA LOKET PLN BOJONEGORO, NAMUN BELUM DAPAT NO REGISTER / KODE BOOKING, PENGAJUAN TGL 4 MARET 2024 CALON PELANGGAN ATAS NAMA NURHAYATI NO KTP 3522165906900004",-1
Isi token tidak bisa masuk,-1
periksa,1
"assalammualaikum wr wb. mohon maaf saya ingin bertanya.apakah listrik RIMT bisa diubah menjadi RIT, dikarenakan setiap diisi token 20 atau 50 ribu itu tidak sampai 3 hari kalo 20 ribu. kalau 50 ribu tidak sampai 1 minggu. terimkasih, wassalammualaikum wr wb",-1
MCB dol,-1
"PELANGGAN PENDAFTARAN PD DENGAN NO REG 5180115051507, NAMUN SALAH INPUT NO HP DI PLN MOBILE , PELANGGAN INGIN DI HUB INI 081359803689, MOHON BANTUNNYAN",-1
"ANGKA KEYPAD (3.5.8.9.ENTER, TANDA HAPUS) PADA APP PRABAYAR TIDAK BERFUNGSI SEJAK TGL 21/03/2024, SISA PULSA 120 KWH , NO METER 45036022460 ,",-1
meteran tidak bisa diiisi token,-1
meteran keluar tulisan PERIKSA tolong kirim kode temper ke nomor wa 081323269686,-1
"DIBANTU KONFIRMASI PELANGGAN TERKAIT PASANG BARU BLM REALISASI DGN NO REG 5180111147188. PELANGGAN INGIN ADA PENJELASAN TERKAIT KEPASTIAN PEMASANGAN TERSEBUT. PELANGGAN PERNAH LAPOR DENGAN NO K5324032000662 , K5424032101011 . STATUS SELESAI. PELANGGAN TIDAK KONFIRMASI S.D 1X6 JAM.",-1
DIBANTU KONFIRMASI PELANGGAN TERKAIT PASANG BARU BLM REALISASI DGN NO REG 5180111147188. PELANGGAN INGIN ADA PENJELASAN TERKAIT KEPASTIAN PEMASANGAN TERSEBUT. PELANGGAN PERNAH LAPOR DENGAN NO K5324032000662 . STATUS SELESAI. PELANGGAN TIDAK KONFIRMASI S.D 1X6 JAM.,-1
tidak berbunyi saat token mau habis...,-1
TGL 02/03/2024 PELAPORAN PELANGGAN MELALUI (CC 123) DENGAN NOMOR LAPOR G5424030202185 PERIHAL APP TERTERA RUSAK PERBAIKAN DILAKUKAN OLEH PETUGAS PLN DENGAN CARA SAMBUNG LANGSUNG. MOHON AGAR (APP/MCB) DAPAT DIPASANG SESUAI KETENTUAN.,-1
Sudah beli token listrik tp belom dapet no tokennya,-1
DIBANTU KONFIRMASI PELANGGAN TERKAIT PASANG BARU BLM REALISASI DGN NO REG 5180111147188. PELANGGAN INGIN ADA PENJELASAN TERKAIT KEPASTIAN PEMAANGAN TERSEBUT,-1
"TIDAK BISA ENTRY TOKEN DENGAN KETERANGAN (      TANPA  KETERANGAN     )  , SISA  TOKEN    45  KWH  , PTL    MENYALA   INFO  NO TOKEN YANG BENAR  = 56306448519403270373",-1
"dear tim PLN, mohon dibantu check ketika akan query tagihan idpel tsb tidak muncul seperti capture terlampir",-1
"PELANGGAN DENGAN NO METER 56907725321 APP KETERANGAN GAGAL DAN KESULITAN MEMASUKKAN TOKEN,PTL MENYALA,SISA 173.17 KWH,DENGAN NO TOKEN 71705957517653497736",-1
"PLN,saya mau tanya, listrik pascabayar 16500 mau ganti pulsa yang berdaya 6600 bisa kah?",1
sudah 5 hari sejak pembayaran lunas ..listrik belum nyala dan belum ada tindakan,-1
"Hari senin sy sudah pengaduan mengenai pulsa listrik sy yg gk bisa dmasukkan ko belum ada komfirmasinya ya. katanya kl pulsa sdh bisa dmasukkan akan dkabari, tp sampai hari ini kamis ko belum ada kabar",-1
"LAPORAN BERULANG TERKAIT K5224031701515  K5424031702228, K5424031605449, K5424031500871, K5224031503057, K5424031507542, K5424031601071, DAN K5224032000083. PERMASALAHAN SEBELUMNYA MOHON TINDAK LANJUT DAN PEJELASAN. PELANGGAN BERMAKSUD MENGAJUKAN PASANG BARU TARIF SUBSIDI DENGAN NO KTP PEMILIK BANGUNAN 3522042512940004  ATAS NAMA BUDI DARMAWAN. PEMOHON MENGAKU SEBAGAI PEMILIK PERSIL. NAMUN PADA DATA AP2T TERTERA NO KTP 3522042512940004  SUDAH TERDAFTAR SUBSIDI LISTRIK DENGAN ID PEL MILIK ORANG LAIN. SESUAI INFO PELANGGAN SUDAH DIKONFIRMASI PETUGAS DAN DIARAHKAN UNTUK DATANG KE KANTOR UNIT DAN PELANGGAN TELAH DATANG KE UNIT TGL 13-03-2024 PUKUL 10.00 NAMUN PELANGGAN MERASA DIBERATKAN. HINGGA SAAT INI BELUM ADA TINDAK LANJUT.",-1
"MOHON TINDAK LANJUT DAN PENYELESAIAN , NIK PELANGGAN 3522042512940004 A.N BUDI DARMAWAN TELAH TERDAFTAR DIGUNAKAN ORANG LAIN SEBAGAI PENERIMA SUBSIDI LISTRIK. SESUAI INFO PELANGGAN, YBS TIDAK PERNAH MENGGUNAKAN KTP TERSEBUT, DAN PELANGGAN MENGINGINKAN UNTUK DICABUT PADA ID PELANGGAN SEBELUMNYA. TERKAIT K5424031500846",-1
memasukan nomor token beberapa kali gagal terus,-1
"LAPORAN BERULANG TERKAIT K5424031501039:MOHON TINDAK LANJUT DAN PENYELESAIAN , NIK PELANGGAN 3522042512940004 A.N BUDI DARMAWAN TELAH TERDAFTAR DIGUNAKAN ORANG LAIN SEBAGAI PENERIMA SUBSIDI LISTRIK. SESUAI INFO PELANGGAN, YBS TIDAK PERNAH MENGGUNAKAN KTP TERSEBUT, DAN PELANGGAN MENGINGINKAN UNTUK DICABUT PADA ID PELANGGAN SEBELUMNYA. TERKAIT K5424031500846, INFO DARI PELANGGAN TIDAK MELAKUKAN PEMBATALAN.",-1
"LAPORAN BERULANG TERKAIT K5424031501039:MOHON TINDAK LANJUT DAN PENYELESAIAN , NIK PELANGGAN 3522042512940004 A.N BUDI DARMAWAN TELAH TERDAFTAR DIGUNAKAN ORANG LAIN SEBAGAI PENERIMA SUBSIDI LISTRIK. SESUAI INFO PELANGGAN, YBS TIDAK PERNAH MENGGUNAKAN KTP TERSEBUT, DAN PELANGGAN MENGINGINKAN UNTUK DICABUT PADA ID PELANGGAN SEBELUMNYA. TERKAIT K5424031500846, INFO DARI PELANGGAN TIDAK MELAKUKAN PEMBATALAN.",-1
"TERKAIT K5224031701515  K5424031702228, K5424031605449, K5424031500871, K5224031503057, K5424031507542 DAN K5424031601071 (STATUS DIBATALKAN)MOHON TINDAK LANJUT DAN PEJELASAN. PELANGGAN BERMAKSUD MENGAJUKAN PASANG BARU TARIF SUBSIDI DENGAN NO KTP PEMILIK BANGUNAN 3522042512940004  ATAS NAMA BUDI DARMAWAN. PEMOHON MENGAKU SEBAGAI PEMILIK PERSIL. NAMUN PADA DATA AP2T TERTERA NO KTP 3522042512940004  SUDAH TERDAFTAR SUBSIDI LISTRIK DENGAN ID PEL MILIK ORANG LAIN. SESUAI INFO PELANGGAN SUDAH DIKONFIRMASI PETUGAS DAN DIARAHKAN UNTUK DATANG KE KANTOR UNIT DAN PELANGGAN TELAH DATANG KE UNIT TGL 13-03-2024 PUKUL 10.00 NAMUN PELANGGAN MERASA DIBERATKAN. DAN HINGGA SAAT INI BELUM ADA TINDAK LANJUT KEMBALI.",-1
"LAPORAN BERULANG TERKAIT K5424031501039:MOHON TINDAK LANJUT DAN PENYELESAIAN , NIK PELANGGAN 3522042512940004 A.N BUDI DARMAWAN TELAH TERDAFTAR DIGUNAKAN ORANG LAIN SEBAGAI PENERIMA SUBSIDI LISTRIK. SESUAI INFO PELANGGAN, YBS TIDAK PERNAH MENGGUNAKAN KTP TERSEBUT, DAN PELANGGAN MENGINGINKAN UNTUK DICABUT PADA ID PELANGGAN SEBELUMNYA. TERKAIT K5424031500846, INFO DARI PELANGGAN TIDAK MELAKUKAN PEMBATALAN.",-1
"tidak bisa isi token, kondisi token habis. semua metode pembayaran tidak bisa",-1
mengajukan pemindahan kwh karena kabel atas nyangkut di TPQ baru,-1
selatan sdn ngablak 1,-1
selatan sdn ngablak 1,-1
5bulan lebih ndak pernah d cek sama petugasnya,-1
"TERKAIT : K5424031905414. MOHON TINDAK LANJUT DAN PENYELESAIAN SEKITAR 3 MINGGU APP DI SAMBUNG LANGSUNG DIKARENAKAN SEBELUMNYA PENANGANAN PERIHAL APP RUSAK. PELANGGAN DIBERIKAN BERITA ACARA. NO LG G5424030204863. NO METER : 50163180073 . MOHON PENANGANAN SESUAI KETENTUAN. PELANGGAN PERNAH LAPOR DENGAN NO: K5424031803369 DAN K5224031901551. STATUS BATAL NAMUN BELUM ADA TINDAK LANJUT DAN PENANGANAN DARI PETUGAS, MOHON PELANGGAN DI KONFIRMASI PERIHAL TSB.",-1
MOHON TINDAK LANJUT DAN PENYELESAIAN SEKITAR 3 MINGGU APP DI SAMBUNG LANGSUNG DIKARENAKAN SEBELUMNYA PENANGANAN PERIHAL APP RUSAK. PELANGGAN DIBERIKAN BERITA ACARA. NO LG G5424030204863. NO METER : 50163180073 . MOHON PENANGANAN SESUAI KETENTUAN. PELANGGAN PERNAH LAPOR DENGAN NO: K5424031803369 DAN K5224031901551.,-1
"(MOHON TINDAK LANJUT DAN PENYELESAIAN SEKITAR 3 MINGGU APP DI SAMBUNG LANGSUNG DIKARENAKAN SEBELUMNYA PENANGANAN PERIHAL APP RUSAK . PELANGGAN DIBERIKAN BERITA ACARA. NO LG G5424030204863 . NO METER : 50163180073 . MOHON PENANGANAN SESUAI KETENTUAN). PELANGGAN PERNAH LAPOR DENGAN NO: K5424031803369, STATUS SELESAI, PELANGGAN TIDAK KONFIRMASI s.d 1X6 JAM.",-1
"mohon agar bisa diturunkan daya ke 900, karena merasa keberatan dengan biaya, dikarenan dulu waktu pemasangan kurang paham",-1
tiang listrik miring dan berdampak membahayakan karena musim penghujan,-1
listrik padam,-1
"ANGKA KEYPAD (ANGKA 9 ) PADA APP PRABAYAR TIDAK BERFUNGSI SEJAK TANGGAL 17/03/2024,SISA TOKEN 75.12 KWH",-1
"KELUHAN BERULANG : K5424031803369, MOHON TINDAK LANJUT DAN PENYELESAIAN SEKITAR 3 MINGGU APP DI SAMBUNG LANGSUNG DIKARENAKAN SEBELUMNYA PENANGANAN PERIHAL APP RUSAK . PELANGGAN DIBERIKAN BERITA ACARA. NO LG G5424030204863 . NO METER : 50163180073 . MOHON PENANGANAN SESUAI KETENTUAN",-1
MOHON TINDAK LANJUT DAN PENYELESAIAN SEKITAR 3 MINGGU APP DI SAMBUNG LANGSUNG DIKARENAKAN SEBELUMNYA PENANGANAN PERIHAL APP RUSAK . PELANGGAN DIBERIKAN BERITA ACARA. NO LG G5424030204863 . NO METER : 50163180073 . MOHON PENANGANAN SESUAI KETENTUAN,-1
membeli pulsa lewat mandiri mobile tgl 15 maret tp gagal tidak bisa dimasukkan,-1
"lampu berkedip, alat elektronik tidak bisa bekerja maksimal (ac, kulkas, kipas angin tidak dingin)",-1
"TERKAIT K5424031702228, K5424031605449, K5424031500871, K5224031503057, K5424031507542 DAN K5424031601071 (STATUS DIBATALKAN)MOHON TINDAK LANJUT DAN PEJELASAN. PELANGGAN BERMAKSUD MENGAJUKAN PASANG BARU TARIF SUBSIDI DENGAN NO KTP PEMILIK BANGUNAN 3522042512940004  ATAS NAMA BUDI DARMAWAN. PEMOHON MENGAKU SEBAGAI PEMILIK PERSIL. NAMUN PADA DATA AP2T TERTERA NO KTP 3522042512940004  SUDAH TERDAFTAR SUBSIDI LISTRIK DENGAN ID PEL MILIK ORANG LAIN. SESUAI INFO PELANGGAN SUDAH DIKONFIRMASI PETUGAS DAN DIARAHKAN UNTUK DATANG KE KANTOR UNIT DAN PELANGGAN TELAH DATANG KE UNIT TGL 13-03-2024 PUKUL 10.00 NAMUN PELANGGAN MERASA DIBERATKAN. DAN HINGGA SAAT INI BELUM ADA TINDAK LANJUT KEMBALI.",-1
kwh dulayar muncul tulisan rusak gak bisa di isi pulsa,-1
"ketika MCB dimatikan tapi jaringan listrik masih menyala, tes pakai tespen nyala + ground juga menyala",1
"tidak bisa isi token, ct gagal",-1
"TERKAIT K5424031605449 (STATUS DIBATALKAN)MOHON TINDAK LANJUT DAN PEJELASAN. PELANGGAN BERMAKSUD MENGAJUKAN PASANG BARU TARIF SUBSIDI DENGAN NO KTP PEMILIK BANGUNAN 3522042512940004  ATAS NAMA BUDI DARMAWAN. PEMOHON MENGAKU SEBAGAI PEMILIK PERSIL. NAMUN PADA DATA AP2T TERTERA NO KTP 3522042512940004  SUDAH TERDAFTAR SUBSIDI LISTRIK DENGAN ID PEL MILIK ORANG LAIN. TERKAIT K5424031500871, K5224031503057, K5424031507542 DAN K5424031601071 STATUS BATAL. SESUAI INFO PELANGGAN SUDAH DIKONFIRMASI PETUGAS DAN DIARAHKAN UNTUK DATANG KE KANTOR UNIT DAN PELANGGAN TELAH DATANG KE UNIT TGL 13-03-2024 PUKUL 10.00 NAMUN PELANGGAN MERASA DIBERATKAN. DAN HINGGA SAAT INI BELUM ADA TINDAK LANJUT KEMBALI.",-1
kabel jaringan warna hitam yg sebelum masuk meteran kondisi mengelupas.,-1
"padam banyak rumah sudah LEBIH DARI SATU JAM , tolong segera perhatian & perbaikannya , karena mengganggu aktifitas , terima kasih.",-1
Meteran warna hijau. listrik padam,-1
sudah membayar untuk pemasangan baru dan untuk saat ini listrik belum ada tindakan,-1
sudah membayar untuk pemasangan baru dan untuk saat ini listrik belum ada tindakan,-1
"MOHON TINDAK LANJUT DAN PEJELASAN. PELANGGAN BERMAKSUD MENGAJUKAN PASANG BARU TARIF SUBSIDI DENGAN NO KTP PEMILIK BANGUNAN 3522042512940004  ATAS NAMA BUDI DARMAWAN. PEMOHON MENGAKU SEBAGAI PEMILIK PERSIL. NAMUN PADA DATA AP2T TERTERA NO KTP 3522042512940004  SUDAH TERDAFTAR SUBSIDI LISTRIK DENGAN ID PEL MILIK ORANG LAIN. TERKAIT K5424031500871, K5224031503057, K5424031507542 DAN K5424031601071 STATUS BATAL. SESUAI INFO PELANGGAN SUDAH DIKONFIRMASI PETUGAS DAN DIARAHKAN UNTUK DATANG KE KANTOR UNIT DAN PELANGGAN TELAH DATANG KE UNIT TGL 13-03-2024 PUKUL 10.00 NAMUN PELANGGAN MERASA DIBERATKAN. DAN HINGGA SAAT INI BELUM ADA TINDAK LANJUT KEMBALI.",-1
"kwh meter berbunyi, khawatir ada konslet. mohon diperiksa oleh petugas PLN",-1
meteran nyala hijau listrik padam,-1
kabel tarikan utama (1) kecantol mobil truk saat lewat dan putus,-1
"PLN listrik saya 16500 pasca ,mau ganti ke token bisa apa tidak?",1
pak PLN minta infonya mau bayar listrik nomer idpel hilang atau lupa tolong bantuannya atas nama Zulkarnain listrik nya .nomer listrik terdekat 518011587239/Siti Aisyah,-1
MOHON BANTUAN LAYANAN GESER APP. PELANGGAN MENGHENDAKI GESER APP DENGAN ID PELANGGAN: 518011394094 & NO KTP PEMILIK: 3523115604870009,-1
"MOHON TINDAK LANJUT DAN PEJELASAN. PELANGGAN BERMAKSUD MENGAJUKAN PASANG BARU TARIF SUBSIDI DENGAN NO KTP PEMILIK BANGUNAN 3522042512940004  ATAS NAMA BUDI DARMAWAN. PEMOHON MENGAKU SEBAGAI PEMILIK PERSIL. NAMUN PADA DATA AP2T TERTERA NO KTP 3522042512940004  SUDAH TERDAFTAR SUBSIDI LISTRIK DENGAN ID PEL MILIK ORANG LAIN. TERKAIT K5424031500871, K5224031503057 DAN K5424031507542 STATUS BATAL. SESUAI INFO PELANGGAN SUDAH DIKONFIRMASI PETUGAS DAN DIARAHKAN UNTUK DATANG KE KANTOR UNIT DAN PELANGGAN TELAH DATANG KE UNIT TGL 13-03-2024 PUKUL 10.00 NAMUN PELANGGAN MERASA DIBERATKAN. DAN HINGGA SAAT INI BELUM ADA TINDAK LANJUT KEMBALI.",-1
DI WILAYAH TSB PTL SERING PADAM BANYAK RUMAH DALAM 4 HARI TERAKHIR HAMPIR PADAM. PTL TIDAK PADAM,-1
mati lampu tidak hujan tidak angin,-1
TERKAIT NOMOR LAPOR K5424031500871 DAN K5224031503057 KET BATAL. PELANGGAN BERMAKSUD MENGAJUKAN PASANG BARU TARIF SUBSIDI DENGAN NO KTP PEMILIK BANGUNAN 3522042512940004  ATAS NAMA BUDI DARMAWAN. PEMOHON MENGAKU SEBAGAI PEMILIK PERSIL. NAMUN PADA DATA AP2T TERTERA NO KTP 3522042512940004  SUDAH TERDAFTAR SUBSIDI LISTRIK DENGAN ID PEL MILIK ORANG LAIN. SESUAI INFO PELANGGAN SUDAH DIKONFIRMASI PETUGAS DAN DIARAHKAN UNTUK DATANG KE KANTOR UNIT PELANGGAN TELAH DATANG KE UNIT TGL 13-03-2024 PUKUL 10.00 NAMUN PELANGGAN MERASA DIBERATKAN. HINGGA SAAT INI BELUM ADA YG MENGHUBUNGI.,-1
LAPORAN BERULANG TERKAIT NO: K5224031503057. PERMASALAHAN SEBELUMNYA TERKAIT NOMOR LAPOR K5424031500871 KET BATAL PELANGGAN BERMAKSUD MENGAJUKAN PASANG BARU TARIF SUBSIDI DENGAN NO KTP PEMILIK BANGUNAN 3522042512940004 ATAS NAMA BUDI DARMAWAN. PEMOHON MENGAKU SEBAGAI PEMILIK PERSIL. NAMUN PADA DATA AP2T TERTERA NO KTP 3522042512940004  SUDAH TERDAFTAR SUBSIDI LISTRIK DENGAN ID PEL MILIK ORANG LAIN. SESUAI INFO PELANGGAN SUDAH DIKONFIRMASI PETUGAS DAN DIARAHKAN UNTUK DATANG KE KANTOR UNIT PELANGGAN TELAH DATANG KE UNIT TGL 13-03-2024 PUKUL 10.00 NAMUN PELANGGAN MERASA DIBERATKAN. HINGGA SAAT INI BELUM ADA TINDAK LANJUT.,-1
TERKAIT NOMOR LAPOR K5424031500871 KET BATALPELANGGAN BERMAKSUD MENGAJUKAN PASANG BARU TARIF SUBSIDI DENGAN NO KTP PEMILIK BANGUNAN 3522042512940004  ATAS NAMA BUDI DARMAWAN. PEMOHON MENGAKU SEBAGAI PEMILIK PERSIL. NAMUN PADA DATA AP2T TERTERA NO KTP 3522042512940004  SUDAH TERDAFTAR SUBSIDI LISTRIK DENGAN ID PEL MILIK ORANG LAIN. SESUAI INFO PELANGGAN SUDAH DIKONFIRMASI PETUGAS DAN DIARAHKAN UNTUK DATANG KE KANTOR UNIT PELANGGAN TELAH DATANG KE UNIT TGL 13-03-2024 PUKUL 10.00 NAMUN PELANGGAN MERASA DIBERATKAN. HINGGA SAAT INI BELUM ADA TINDAKLANJUT.,-1
mau nanya nmer meter 518012193448 mau proses tambah daya kok nggak bisa ada kendala apa,-1
pindah meteran,-1
"MOHON TINDAK LANJUT DAN PENYELESAIAN , NIK PELANGGAN 3522042512940004 A.N BUDI DARMAWAN TELAH TERDAFTAR DIGUNAKAN ORANG LAIN SEBAGAI PENERIMA SUBSIDI LISTRIK. SESUAI INFO PELANGGAN, YBS TIDAK PERNAH MENGGUNAKAN KTP TERSEBUT, DAN PELANGGAN MENGINGINKAN UNTUK DICABUT PADA ID PELANGGAN SEBELUMNYA. TERKAIT K5424031500846, INFO DARI PELANGGAN TIDAK MELAKUKAN PEMBATALAN. K5424031501039",-1
mat siang dulur mnta bantuan ya ni kWh priksa GK bisa di isi token alarem udah bunyi di tunngu ya trm?,-1
mau masukan token tidak bisa meteran mati di,-1
Ganti Meteran,-1
"TERKAIT K5424031500846, K5424031501039 MOHON TINDAK LANJUT DAN PENYELESAIAN , NIK PELANGGAN 3522042512940004 A.N BUDI DARMAWAN TELAH TERDAFTAR DIGUNAKAN ORANG LAIN SEBAGAI PENERIMA SUBSIDI LISTRIK. SESUAI INFO PELANGGAN, YBS TIDAK PERNAH MENGGUNAKAN KTP TERSEBUT, DAN PELANGGAN MENGINGINKAN UNTUK DICABUT PADA ID PELANGGAN SEBELUMNYA. TERKAIT  INFO DARI PELANGGAN TIDAK MELAKUKAN PEMBATALAN.",-1
"MOHON TINDAK LANJUT DAN PENYELESAIAN , NIK PELANGGAN 3522042512940004 A.N BUDI DARMAWAN TELAH TERDAFTAR DIGUNAKAN ORANG LAIN SEBAGAI PENERIMA SUBSIDI LISTRIK. SESUAI INFO PELANGGAN, YBS TIDAK PERNAH MENGGUNAKAN KTP TERSEBUT, DAN PELANGGAN MENGINGINKAN UNTUK DICABUT PADA ID PELANGGAN SEBELUMNYA. TERKAIT K5424031500846, INFO DARI PELANGGAN TIDAK MELAKUKAN PEMBATALAN.",-1
"TERKAIT NO LAPOR K5224031500168, K5423052500232, K5224031301321, K5424031304063 , K5424031304237, K5424031304409 DAN K5424031306000. PELANGGAN BERMAKSUD MENGAJUKAN PASANG BARU TARIF SUBSIDI DENGAN NO KTP PEMILIK BANGUNAN 3522042512940004  ATAS NAMA BUDI DARMAWAN. PEMOHON MENGAKU SEBAGAI PEMILIK PERSIL. NAMUN PADA DATA AP2T TERTERA NO KTP 3522042512940004  SUDAH TERDAFTAR SUBSIDI LISTRIK DENGAN ID PEL MILIK ORANG LAIN. SESUAI INFO PELANGGAN SUDAH DIKONFIRMASI PETUGAS DAN DIARAHKAN UNTUK DATANG KE KANTOR UNIT PELANGGAN TELAH DATANG KE UNIT TGL 13-03-2024 PUKUL 10.00 NAMUN PELANGGAN MERASA DIBERATKAN. HINGGA SAAT INI BELUM ADA TINDAKLANJUT.",-1
"MOHON TINDAK LANJUT DAN PENYELESAIAN , NIK PELANGGAN 3522042512940004 A.N BUDI DARMAWAN TELAH TERDAFTAR DIGUNAKAN ORANG LAIN SEBAGAI PENERIMA SUBSIDI LISTRIK. SESUAI INFO PELANGGAN, YBS TIDAK PERNAH MENGGUNAKAN KTP TERSEBUT, DAN PELANGGAN MENGINGINKAN UNTUK DICABUT PADA ID PELANGGAN SEBELUMNYA.",-1
PELANGGAN PENGAJUAN PB DAYA 10600 VA  UNTUK PENGAIRAN SAWAH SEKITAR 2 MINGGU TGL 04/03/2024  MELALUI KANTOR PLN  BELUM MENDAPAT  NO REGISTER . DOKUMEN PENDUKUNG SUDAH DISERAHKAN DAN AKAN DILAKUKAN  SURVEY NAMUN BELUM ADA TINDAK LANJUT,-1
"PELANGGAN BERMAKSUD MENGAJUKAN PASANG BARU TARIF SUBSIDI DENGAN NO KTP PEMILIK BANGUNAN 3522042512940004  ATAS NAMA BUDI DARMAWAN. PEMOHON MENGAKU SEBAGAI PEMILIK PERSIL. NAMUN PADA DATA AP2T TERTERA NO KTP 3522042512940004  SUDAH TERDAFTAR SUBSIDI LISTRIK DENGAN ID PEL MILIK ORANG LAIN. SESUAI INFO PELANGGAN SUDAH DIKONFIRMASI PETUGAS DAN DIARAHKAN UNTUK DATANG KE KANTOR UNIT PELANGGAN TELAH DATANG KE UNIT TGL 13-03-2024 PUKUL 10.00 NAMUN PELANGGAN MERASA DIBERATKAN. TERKAIT NO LAPOR K5423052500232 DAN K5224031301321 DAN K5424031304063 , K5424031304237 DAN K5424031304409 DAN K5424031306000",-1
"TERKAIT: K5424031306000 PELANGGAN BERMAKSUD MENGAJUKAN PASANG BARU TARIF SUBSIDI DENGAN NO KTP PEMILIK BANGUNAN 3522042512940004  ATAS NAMA BUDI DARMAWAN. PEMOHON MENGAKU SEBAGAI PEMILIK PERSIL. NAMUN PADA DATA AP2T TERTERA NO KTP 3522042512940004  SUDAH TERDAFTAR SUBSIDI LISTRIK DENGAN ID PEL MILIK ORANG LAIN. SESUAI INFO PELANGGAN SUDAH DIKONFIRMASI PETUGAS DAN DIARAHKAN UNTUK DATANG KE KANTOR UNIT PELANGGAN TELAH DATANG KE UNIT TGL 13-03-2024 PUKUL 10.00 NAMUN PELANGGAN MERASA DIBERATKAN. TERKAIT NO LAPOR K5423052500232 DAN K5224031301321 DAN K5424031304063 , K5424031304237 DAN K5424031304409 STS BATAL",-1
"K5424031500166LAPORAN BERULANG TERKAIT K5424031304409, K5223052300126, K5223052200477 DAN K5423052400207 PERMASALAHAN SEBELUMNYA PELANGGAN BERMAKSUD MENGAJUKAN PASANG BARU TARIF SUBSIDI DENGAN NO KTP PEMILIK BANGUNAN 3522042512940004  ATAS NAMA BUDI DARMAWAN. PEMOHON MENGAKU SEBAGAI PEMILIK PERSIL. NAMUN PADA DATA AP2T TERTERA NO KTP 3522042512940004  SUDAH TERDAFTAR SUBSIDI LISTRIK DENGAN ID PEL MILIK ORANG LAIN. SESUAI INFO PELANGGAN SUDAH DIKONFIRMASI PETUGAS DAN DIARAHKAN UNTUK DATANG KE KANTOR UNIT PELANGGAN TELAH DATANG KE UNIT TGL 13-03-2024 PUKUL 10.00 NAMUN PELANGGAN MERASA DIBERATKAN. TERKAIT NO LAPOR K5423052500232 DAN K5224031301321 DAN K5424031304063 DAN K5424031304237 STS BATAL. HINGGA SAAT INI BELUM ADA TINDAKLANJUT.",-1
"LAPORAN BERULANG TERKAIT K5424031304409, K5223052300126, K5223052200477 DAN K5423052400207 PERMASALAHAN SEBELUMNYA PELANGGAN BERMAKSUD MENGAJUKAN PASANG BARU TARIF SUBSIDI DENGAN NO KTP PEMILIK BANGUNAN 3522042512940004  ATAS NAMA BUDI DARMAWAN. PEMOHON MENGAKU SEBAGAI PEMILIK PERSIL. NAMUN PADA DATA AP2T TERTERA NO KTP 3522042512940004  SUDAH TERDAFTAR SUBSIDI LISTRIK DENGAN ID PEL MILIK ORANG LAIN. SESUAI INFO PELANGGAN SUDAH DIKONFIRMASI PETUGAS DAN DIARAHKAN UNTUK DATANG KE KANTOR UNIT PELANGGAN TELAH DATANG KE UNIT TGL 13-03-2024 PUKUL 10.00 NAMUN PELANGGAN MERASA DIBERATKAN. TERKAIT NO LAPOR K5423052500232 DAN K5224031301321 DAN K5424031304063 DAN K5424031304237 STS BATAL. HINGGA SAAT INI BELUM ADA TINDAKLANJUT.",-1
"daya tdk stabil,kadang naik turun",-1
MCB sering njeglek,-1
Aktivasi meteran,-1
listrik mati dari tadi malam,-1
listrik mati,-1
mucul tulisan rusak pada kwh meter,-1
"tolong dong listrik wilayah gondang ini dipindah jalur dari bojonegoro saja, soalnya ikut caruban/madiun hampir tiap hari mati di musim penghujan seperti sekarang. tentu itu merugikan kami sebagai pedagang kecil ( ice cream meleleh contohnya ). Penyebab kematiannyapun banyak seperti pohon tumbang, konslet, travo rusak. yang paling bikin saya heran kadang tidak hujan,tidak ada anginpun juga mati. terimakasih sebelumnya.",1
selalu ada pemadaman setiap hari,-1
"hampir setiap hari listrik padam, kebutuhan listrik setiap hari. kalau bisa listriknya ambil dari arah bojonegoro biar tidak terlalu sering pemadaman",1
"PELANGGAN BERMAKSUD MENGAJUKAN PASANG BARU TARIF SUBSIDI DENGAN NO KTP PEMILIK BANGUNAN 3522042512940004  ATAS NAMA BUDI DARMAWAN. PEMOHON MENGAKU SEBAGAI PEMILIK PERSIL. NAMUN PADA DATA AP2T TERTERA NO KTP 3522042512940004  SUDAH TERDAFTAR SUBSIDI LISTRIK DENGAN ID PEL MILIK ORANG LAIN. SESUAI INFO PELANGGAN SUDAH DIKONFIRMASI PETUGAS DAN DIARAHKAN UNTUK DATANG KE KANTOR UNIT PELANGGAN TELAH DATANG KE UNIT TGL 13-03-2024 PUKUL 10.00 NAMUN PELANGGAN MERASA DIBERATKAN. TERKAIT NO LAPOR K5423052500232 DAN K5224031301321 DAN K5424031304063 , K5424031304237 DAN K5424031304409 STS BATAL",-1
"PELANGGAN NO METER 86241138543 TIDAK BISA MEMASUKKAN STROOM, LPB TERTERA KET GAGAL. SISA 101.00 KWH . BANGUNAN MENYALA. 0874 3478 2211 8717 7010",-1
PELANGGAN BERMAKSUD MENGAJUKAN PASANG BARU TARIF SUBSIDI DENGAN NO KTP PEMILIK BANGUNAN 3522042512940004  ATAS NAMA BUDI DARMAWAN. PEMOHON MENGAKU SEBAGAI PEMILIK PERSIL. NAMUN PADA DATA AP2T TERTERA NO KTP 3522042512940004  SUDAH TERDAFTAR SUBSIDI LISTRIK DENGAN ID PEL MILIK ORANG LAIN. SESUAI INFO PELANGGAN SUDAH DIKONFIRMASI PETUGAS DAN DIARAHKAN UNTUK DATANG KE KANTOR UNIT PELANGGAN TELAH DATANG KE UNIT TGL 13-03-2024 PUKUL 10.00 NAMUN PELANGGAN MERASA DIBERATKAN. TERKAIT NO LAPOR K5423052500232 DAN K5224031301321 DAN K5424031304063 DAN K5424031304237 STS BATAL,-1
PELANGGAN BERMAKSUD MENGAJUKAN PASANG BARU TARIF SUBSIDI DENGAN NO KTP PEMILIK BANGUNAN 3522042512940004  ATAS NAMA BUDI DARMAWAN. PEMOHON MENGAKU SEBAGAI PEMILIK PERSIL. NAMUN PADA DATA AP2T TERTERA NO KTP 3522042512940004  SUDAH TERDAFTAR SUBSIDI LISTRIK DENGAN ID PEL MILIK ORANG LAIN. SESUAI INFO PELANGGAN SUDAH DIKONFIRMASI PETUGAS DAN DIARAHKAN UNTUK DATANG KE KANTOR UNIT PELANGGAN TELAH DATANG KE UNIT TGL 13-03-2024 PUKUL 10.00 NAMUN PELANGGAN MERASA DIBERATKAN. TERKAIT NO LAPOR K5423052500232 DAN K5224031301321 DAN K5424031304063 STS BATAL,-1
PELANGGAN BERMAKSUD MENGAJUKAN PASANG BARU TARIF SUBSIDI DENGAN NO KTP PEMILIK BANGUNAN 3522042512940004  ATAS NAMA BUDI DARMAWAN. PEMOHON MENGAKU SEBAGAI PEMILIK PERSIL. NAMUN PADA DATA AP2T TERTERA NO KTP 3522042512940004  SUDAH TERDAFTAR SUBSIDI LISTRIK DENGAN ID PEL MILIK ORANG LAIN. SESUAI INFO PELANGGAN SUDAH DIKONFIRMASI PETUGAS DAN DIARAHKAN UNTUK DATANG KE KANTOR UNIT PELANGGAN TELAH DATANG KE UNIT TGL 13-03-2024 PUKUL 10.00 NAMUN PELANGGAN MERASA DIBERATKAN. TERKAIT NO LAPOR K5423052500232 DAN K5224031301321 STS BATAL,-1
MCB trip terus,-1
TERKAIT NO LAPOR K5423052500232 PELANGGAN BERMAKSUD MENGAJUKAN PASANG BARU TARIF SUBSIDI DENGAN NO KTP PEMILIK BANGUNAN 3522042512940004  ATAS NAMA BUDI DARMAWAN. PEMOHON MENGAKU SEBAGAI PEMILIK PERSIL. NAMUN PADA DATA AP2T TERTERA NO KTP 3522042512940004  SUDAH TERDAFTAR SUBSIDI LISTRIK DENGAN ID PEL MILIK ORANG LAIN. SESUAI INFO PELANGGAN SUDAH DIKONFIRMASI PETUGAS DAN DIARAHKAN UNTUK DATANG KE KANTOR UNIT PELANGGAN TELAH DATANG KE UNIT TGL 13-03-2024 PUKUL 10.00 NAMUN PELANGGAN MERASA DIBERATKAN.,-1
tombol nomor 145 rusak,-1
"MOHON TINDAK LANJUT DAN PENYELESAIANNYA. BERDASARKAN INFO PELANGGAN TGL 22-02-2024TERJADI GANGGUAN APP PRABAYAR RUSAK DIPERSI TSB (G5424022218515) DAN TELAH DILAKUKAN PERBAIKAN OLEH PETUGAS BP. HADI DENGAN CARA SAMBUNG LANGSUNG (PASANG DUMMY), DIBERIKAN BERITA ACARA NAMUN TIDAK TERDAPAT NO.BA. PELANGGAN MENGINGINKAN AGAR SEGERA DILAKUKAN PENANGANAN SESUAI KETENTUAN. TERKAIT K5424031203649 BELUM ADA KONFIRMASI DAN TINDAK LANJUT STATUS DIBATALKAN.",-1
kvhmeter tab. terbakar.leleh....,-1
mab kwh meter rusak,-1
"MOHON TINDAK LANJUT DAN PENYELESAIANNYA. BERDASARKAN INFO PELANGGAN TGL 22-02-2024TERJADI GANGGUAN APP PRABAYAR RUSAK DIPERSI TSB (G5424022218515) DAN TELAH DILAKUKAN PERBAIKAN OLEH PETUGAS BP. HADI DENGAN CARA SAMBUNG LANGSUNG (PASANG DUMMY), DIBERIKAN BERITA ACARA NAMUN TIDAK TERDAPAT NO.BA. PELANGGAN MENGINGINKAN AGAR SEGERA DILAKUKAN PENANGANAN SESUAI KETENTUAN",-1
mohon dibantu pemasangan segel dibox kwh meter,1
sdh beli token tp belom masuk sampai skrng,-1
MCB meteran sering jeglek..,-1
listrik gak nyala mau d buat mroses + ngopen gabah,-1
listrik gak nyala mau d buat ngopen gabah + mroses beras . gak ngangkat dayane,-1
mcb gak bisa dan ada tulisan periksa,-1
listrik mati nyala,-1
listrik rumah padam,-1
Mcb sering anjlok,-1
MOHON PERIKSA APP DIKARENAKAN DIRAGUKAN BEROPERASINYA (KWH DIRASAKAN TIDAK BERKURANG). SEJAK TIDAK MENGETAHUI. SISA KWH 3200,-1
"MOHON BANTUAN PENGECEKAN JIKA TETANGGA PELANGGAN PADAM BANYAK RUMAH SUDAH NORMAL/NYALA .NAMUN RUMAH PELANGGAN TIDAK OTOMATIS NYALA,HARUS MENG ON KAN MCB PLN DAHULU.B1T / 1300- SISA PULSA 180,67 KWH . SAAT INI PTL NYALA/NORMAL.",-1
meteran tidak nyala,-1
meteran tidak nyala,-1
tidak adanya arus listrik di kabel,-1
sudah 3x dari sore kemarin,-1
"pasang baru no reg =5180112147503 status belum nyala,pekerjaan selesai kapan nyatanya...?",-1
G 1224031000693,1
"kenapa saya tidak bisa mendapatkan subsidi listrik,saya harus membayar tagihan mahal setiap bulannya",-1
kwh meter blank. lcd dan lampu indikator tidak menyala. tetapi listrik nya menyala,-1
keluar tulisan periksa,-1
sekring menyala,1
KWH Meter saya 2200 KWH Tapi setting daya berlebih di meteran hanya 1.530 sehingga sering padam karena di meteran muncul tulisan Berlebih.Mohon untuk disetting ulang batas overload KWH Kami ke 2.200,-1
MOHON BANTU PEMNGAMANAN JARINGAN UNTUK HARI INI WARGA SUDAH SIAP DENGAN KEGIATAN TERSEBUT TGL  10/3/2024 MULAI PENGERJAAN PKL 09.00-10.00. MOHON BANTU KONFIRMASI PELANGGAN,1
"lampu berkedip trus listrik mati,tombol meteran juga tidak berfungsi",-1
tombol gabisa dioencet,-1
"MCB KWH Meter, setiap 15 menit, terputus WA yang jaga dilokasi : 081234066689",-1
jika di hidupkan keluar suara gemuruh.kami tidak berani menghidupkan.,-1
nct konslet rusak ndak bisa dinaikkan atau turunkan,-1
NCT nya rusak,-1
"listrik mati pulsa habis, tidak bisa di isi,",-1
Sering tegangan listrik Tidak stabil dan sering pemadaman,-1
mau beli pulsa tidak bisa ada keterangan di blokir,-1
saat token di masukan muncul gagal terus padahal sudah benar,-1
No listrik ke blokir,-1
"Tidak bisa isi token, mengapa di blokir ?",-1
Voltase tidak stabil,-1
kemarin saya beli token tidak bisa dimasukan karena kWh meter rusak.akirnya diganti kWh meter baru.apakah bisa saya tukarkan ke nomer Idpel yang baru.,-1
nomor token tidak dapat masuk/gagal keterangan inchek,-1
"sudah tambah daya dari 2200 ke 5500, kwh meter masih 2200, dan sekarang nga bisa isi token.",-1
Tegangan Listrik Sering Naik Turun Sudah 2 mingguan,-1
meter layar mati,-1
"MOHON INFORMASI KE PELANGGAN TERKAIT BIAYA MENINGGIKAN KABEL JTR YG KENDUR, KARENA RENOVASI MASJID, DAPAT MENGHUBUNGI KE 082132671584",1
"mau tambah daya, tapi kok sudah ada permohonan, padahal belum mengajukan, minta bantuannya",-1
tidak bisa input token setelah tambah daya,-1
kwh meter terblokir tidak bisa di isi pulsa,-1
"seringkali listrik padam, dikit2 mati meskipun tidak hujan atau setelah gerimis sebentar, dan durasinya lama",-1
mohon bantuannya utk pemindahan meteran listrik ke tembok samping ditempelkan,-1
pada saat mau masukkan token listrik tombol nomer ada beberapa yg tidak fungsi (tidak bisa dipencet) sehingga tidak bisa melakukan pengisian token,-1
nsb rusak,-1
tidak ada angin dan hujan deras tp listrik dipadamkan!! mohon segera di tangani!,-1
"kwh atau token listrik tidak berbunyi kalau mau habis, tiba-tiba listrik pad",-1
ada kabe pln posisi turun,-1
MCB tdk bisa on atau of rusak,-1
Pemindahan dan Instalasi Tiang Kabel Listrik,-1
"PELANGGAN INGIN DI BANTU UNTUK BUKA SEGEL APP KARENA KABEL TUFUR TERBAKAR DAN INGIN DILAKUKAN PERBAIKAN , PTL PADAM ,  HUB INI 082331294919",-1
mat pagi dulur ini kWh muncul priksa GK bisa isi pulsa minta bantuan ya ni pulsa tinggal 1 kWh temksh,-1
"TANGGAL 05/03/2024 PTL DIPUTUS SEMENTARA DAN TANGGAL 29/02/2024  TAGIHAN BULAN FEB 2024 BESERTA BK TELAH DILUNASI  PTL MINTA DISAMBUNG KEMBALI. PELANGGAN ADA INFO DIMINTA DATANG KE RAYON PLN SETEMPAT, NAMUN PELANGGAN INFOKAN ADA KENDALA KARENA SUDAH MALAM.",-1
Meteran Menyala tapi lampu tidak menyala,-1
"Sambungan listrik lampu depan konslet pak, saklar lampunya kalo di nyalakan langsung padam satu rumah",-1
"PELANGGAN PENDAFTARAN PB B1T DAYA 1300 VA NO AGENDA 518019912306136064 REALISASI PENYAMBUNGAN TGL 14/06/2023, NAMUN UKURAN DAYA TERPASANG MCB 4 A (TIDAK SESUAI DENGAN DAYA KONTRAK).",-1
mohon pengecekan meteran listrik karena 2 bulan ini hanya bayar 50 ribu biasanya diatas 100 ribu,-1
"setelah migrasi ke token listrik sering padam sendiri posisi mcb msh on unt menyalakan lagi sekring hrs ditekan ""of"" dulu baru tekan lagi ""on"" listrik br nyala, tks.",-1
token di masukkan gagal,-1
"Sudah selesai melakukan pengisian token listrik, dan sudah ada keterangan pengisian berhasil.Tapi di meteran belum nambah sama dekali tokennya.",-1
"Mhon maaf sblmnya pas tgl pengecekan kWh pada tgl 22 februari 2024 setelah petugas pergi/selesai mengecek sya catat brp kWh saat itu dan yg tertera adalah 35319,tapi stlh sya membayar tagihan listrik sya knapa d tagihan muncul kWh 35359 dan nominal rupiah nya pun jg otomatis bertambah pdhl pemakain bln 1 akhir hingga bln 2 itu jelas2 sya irit atu bnyk beberapa alat elektronik yg tidak sya fungsikan tapi mengapa tagihan listrik sya lebih mahal dari bulan Januari, mhon penjelasannya pa ad kecurangan dipihak pengecekan atau bagaimana???",-1
kode token tidak bisa di masukkan kwh meter.,-1
"meteran jeglek,dan muncul suara percikan listrik.",-1
"KELUHAN BERULANG : K5124030400642, TGL 04/03/2024  PTL DIPUTUS SEMENTARA DAN TANGGAL 29/02/2024 TAGIHAN BULAN FEBRUARI 2024 BESERTA BK STATUSNYA TELAH DILUNASI (NAMUN PELANGGAN MERASA TIDAK MELAKUKAN PEMBAYARAN KARENA KETIKA PEMBAYARAN KETERANGAN TIDAK ADA TAGIHAN) PTL MINTA DISAMBUNG KEMBALI",-1
TANGGAL 04/03/2024  PTL DIPUTUS SEMENTARA DAN TANGGAL 29/02/2024  TAGIHAN BULAN FEBRUARI 2024  BESERTA BK STATUSNYA TELAH DILUNASI (NAMUN PELANGGAN MERASA TIDAK MELAKUKAN PEMBAYARAN KARENA KETIKA PEMBAYARAN KETERANGAN TIDAK ADA TAGIHAN) PTL MINTA DISAMBUNG KEMBALI,-1
meteran macet minta di ganti,-1
"TANGGAL 29/02/24  TUNGGAKAN REKENING FEBRUARI 2024  BERIKUT BK TELAH DILUNASI PTL MINTA SEGERA DISAMBUNG ( ID PEL : 518011732183 , S2 / 900 )",-1
ubah daya,1
ada Pohon bamabu potensi untun konlesting/pemadaman total desa Jelu (ranting bambu nempel ke jaringan kabel 3),1
Sudah memasukkan nomer token sesuai namun selalu gagal,-1
Sudah memasukkan nomer token sesuai namun selalu gagal,-1
MOHON TINDAK LANJUT DAN PENYELESAIANNYA. BERDASARKAN INFO PELANGGAN TERJADI GANGGUAN APP RUSAK DIPERSIL TSB DAN TELAH DILAKUKAN PERBAIKAN OLEH PETUGAS BP. BAGIO DENGAN CARA SAMBUNG LANGSUNG. PELANGGAN MENGINGINKAN AGAR SEGERA DILAKUKAN PENANGANAN SESUAI KETENTUAN.,-1
mcb kwh meter,-1
mcb kwh meter sering anjlok,-1
token diblokir,-1
"MOHON BANTUAN PENGECEKAN, PELANGGAN KONFIRMASI APP METER PELANGGAN SUDAH TUA/USANG, BELUM ADA PERGANTIAN/PEREMAJAAN SEJAK APP METER TERPASANG. SEHINGGA PELANGGAN MENGELUHKAN TAGIHAN BULANAN MENJADI MELONJAK JUGA",-1
MEMASUKAN TOKEN LISTRIK SELALU GAGAL,-1
"MOHON BANTUAN PENGECEKKAN PELANGGAN MERAGUKAN BEROPERASINYA APP METER PRABAYAR KARENA BOROS, DAN PELANGGAN INGIN APP METER DIGANTI KARENA SUDAH BERUMUR 14 TAHUN",-1
"sudah laporan kemarin belum didatangi, masukkan token listrik gagal",-1
mat pagi pak ni kWh padam 3rumah akibat ada getaran petir tadi malam minta bantuan,1
diisi token gagal terus,-1
tidak bisa memasukkan nomor token,-1
"PELANGGAN PENGAJUAN PINDAH TIANG,DIKARENAKAN DEPAN TOKO,NIK PELANGGAN 3522140308880002 /",-1
Gagal Isi Token,-1
"Listrik mati, meteran sudah posisi on",-1
token tidak bisa masuk,-1
"PELANGGAN PENDAFTARAN PB (B2/10600VA)NO AGENDA : 518019912402093987KODE PEMBAYARAN  : 5180111147188BP LUNAS PADA TGL (12/02/2024), PELANGGAN SUDAH MEMILIKI SLO, NAMUN HINGGA SAAT INI BELUM REALISASI",-1
saya ingin membayar tagihan bulan februari kenapa yang muncul bulan maret ya kak..mohon infonya,-1
Meteran listrik keliatannya tidak jalan,-1
meter listrik menunjukan tulisan periksa berulang ulang,-1
isi token selalu gagal jadi tidak bisa diisi tokennya padahal sudah dicek nomer token dan meteran sudah betul,-1
gagal isi token,-1
listrik nyala walau mcb of setelah tersambar petir,1
gak bisa beli token,-1
gak bisa beli token,-1
"voltase sudah 3 tahun segini-gini terus., sudah lapor email, surat ke ULP telpon 123 masih belum terselesaikan",-1
daya listrik menurun gak sampek 180,-1
mat siang ini KWh ke blokir gagal beli token tolong kirimi nmr registrasinya ya kak ?,-1
nomer 7 8 9 pada tombol token tidak bisa keluar angkanya,-1
"minta kode temper kirim ke 085730034798, saya bisa mengisi sendiri.",1
apa ada masalah untuk pembelian token?kenapa tidak bisa beli token?apa ada masalah?,-1
clear temper,-1
Saklar mcb dol,-1
Tagihan listrik naik,-1
"Info dari PLN Sumberrjo verifikasi subsidi tidak dapat diproses karena data di PLN tidak sesuai dengan KTP dan KK, harus mengurus Data Di Dinas Sosial, Info dari Dinas Sosial terkait Data DTKS sesuai dengan KTP dan KK tidak dapat dirubah, untuk itu apakah dapat merubah Data yang terdaftar di PLN agar sesuai KTP",-1
Pindah Ke TOKEN,1
Pindah Ke TOKEN,1
"ID PEL 518010713706. MOHON PERIKSA APP 3 BULAN LALU ANGKA REGISTER TDK BEROPERASI NAMUN TIDAK ADA PEMAKAIAN LISTRIK DIKARENAKAN TIDAK TAHU PENYEBABNYA STAND APP TGL 27-02-2024 = 3278. PELANGGAN PERNAH LAPOR DENGAN NO: K5424022702533, STATUS SELESAI, PELANGGAN SDH DIHUBUNGI OLEH PETUGAS DAN DIINFORMASIKAN AKAN DILAKUKAN PENORMALAN NAMUN BLM ADA TINDAK LANJUT.",-1
"MOHON PERIKSA APP. APP RUSAK DAN ANGKA STAND APP TGL 27-02-2024 = 3278. SESUAI INFORMASI PELANGGAN TERJADI KERUSAKAN SEJAK BULAN JANUARI 2024. MCB ON ATAU OFF INDIKATOR TETAP BERJALAN. HINGGA SAAT INI BELUM ADA TINDAKLANJUT DARI PETUGAS. PELANGGAN PERNAH LAPOR DENGAN NO: K5424022702533, STATUS SELESAI, PELANGGAN TIDAK KONFIRMASI s.d 1X6 JAM.",-1
info syarat baliknama,-1
CARA MENDAPATKAN SUBSIDI LISTRIK ITU GIMANA LANGKAHNYA?,-1
"KELUHAN BERULANG : K5124022701565, LAYAR APP METER PADAM, PTL NYALA,",-1
"LAYAR APP METER PADAM, PTL NYALA,",-1
TANGGAL 27 FEB 2024  PTL DIPUTUS SEMENTARA DAN TANGGAL 27 FEB 2024  TAGIHAN BULAN FEB 2024 BESERTA BK TELAH DILUNASI  PTL MINTA DISAMBUNG KEMBALI,-1
ingin ubah di subsidi,-1
mati lampu sebagian,-1
Pengajuan Subsidi,-1
"MOHON BANTUAN KONFIRMASI TERKAIT SAAT PROSES PB TERDATA DENGAN TARIF SUBSIDI (R1T / 900) SEJAK REALISASI PB BULAN NOVEMBER 2023. NIK KTP 3522214509750004 A/N TI'AH. SAAT PELANGGAN MEMBELI TOKEN, TARIF BERUBAH MENJADI R1MT / 900. PELANGGAN TDK PERNAH PENGAJUAN PERUBAHAN TARIF DAN PERNAH PENGAJUAN PERUBAHAN TARIF KE PETUGAS NAMUN BLM ADA TINDAKLANJUT",-1
"MOHON BANTUAN PENGECEKAN DIRAGUKAN KONDISI BEROPERASINYA LPB  50162405067 ( DISPLAY MUNCUL KET RUSAK  ) SEJAK 27/02/2024 ( SETELAH ADA PEMADAMAN DILOKASI ) . ""SISA PULSA =  35.81 KWH ( PTL NYALA )  .  TERIMAKASIH",-1
MOHON PERIKSA APP 3 BULAN LALU ANGKA REGISTER BEROPERASI  ) NAMUN TIDAK ADA PEMAKAIAN LISTRIK DIKARENAKAN TIDAK TAHU PENYEBABNYA STAND APP TGL 27-02-2024 = 3278//SESUAI INFORMASI PELANGGAN BELUM ADA TINDAKLANJUT DARI UNIT PLN SETEMPAT. CC.54.ARIO.SM TGL. 27-02-24 JAM 11.41,-1
pasang baru tapi tidak bisa melakukan pembayaran,-1
"Setum tidak masuk ke rumah, meteran listrik belum ada MCB.",-1
MOHON UNTUK DITINDAKLANJUTI. SEKITAR BULAN DES 23 PELANGGAN DATANG KE APL SETEMPAT PENGAJUAN PROSES PB 10.600 VA NAMUN SESUAI INFO PETUGAS WILAYAH SETEMPAT DISARANKAN MENGGUNAKAN DAYA 41.500 VA YBS MERASA TERLALU TINGGI UNTUK DAYA TSB DAN YBS SUDAH MENGAJUKAN SURAT KEBERATAN KE AREA NAMUN HINGGA SAAT INI BELUM ADA TINDAK LANJUT.,-1
"Alarm listrik tidak bunyi, tiba"" sudah padam, bagaimana caranya agar membunyikan alarm listrik lagi?",-1
sering terjadinya mati lampu,-1
tidak bisa isi token pulsa,-1
mau isi token bisa masuk.,-1
"MOHON PERIKSA APP, KACA APP BURAM BANYAK KOTORAN HEWAN SEHINGGA TIDAK DAPAT TERLIHAT.",-1
"izin lapor, hari ini senin tanggal 26-2-2024 pukul 09:28:33 saya sudah melakukan pembayaran listrik atas nama parti nomor rekening 518013458173 dengan total bayar Rp.176.665,   tapi ternyata siangnya siangnya masih ada petugas PLN yang memberikan struk pemutusan sementara, akhirnya sama orangvtua saya dibayari lagi dengan jumlah uang Rp.177.165, dikeranakan tidak tau kalau saya sudah membayar, sedangkan saya pas posisi kerjapertanyaan saya apakah uang saya bisa dikembalikan?",-1
"voltase phase R sering drop tiap jam, mohon segera di tindak lanjuti",-1
token sudah beli dari tokopedia tapi tidak bisa dimasukkan,-1
gagal masukan token,-1
mau isi toke gagal terus,-1
kabel listrik tertimpa pohon jati roboh,-1
perubahan daya sudah 3 hari belum pelaksanaan penyambungan,-1
tidak bisa isi token kiped rusak,-1
meteran mati,-1
kabel jtr jatuh didepan gerbang sekolahan,-1
MOHON TINDAK LANJUT DAN PENYELESAIANNYA. BERDASARKAN INFO PELANGGAN TGL 21-02-2024 TERJADI GANGGUAN KEYPAD RUSAK TERKAIT LAPORAN G5224022102131 DIPERSIL TSB DAN TELAH DILAKUKAN PERBAIKAN OLEH PETUGAS BP. ANDRE DAN SUROSO DENGAN CARA SAMBUNG LANGSUNG DENGAN BERITA ACARA. PELANGGAN MENGINGINKAN AGAR SEGERA DILAKUKAN PENANGANAN SESUAI KETENTUAN.,-1
"kwh meter terkadang menimbulkan suara bendengung, setiap kali berdengung disertai lampu rumah dan peralatan  elektronik yg berkedip, dan terkadang listrik mati padahal posisi saklar kwh meter dan sekreng ON",-1
Konsleting Listrik,-1
"PELANGGAN TIDAK BISA INPUT TOKEN KET. GAGAL, SISA TOKEN : 290 KWH (PTL TIDAK PADAM)",-1
"voltase turun drastis, tidak cuma rumah ini, tapi beberapa rumah juga, lampu dan elektronik tidak dapat nyala,",-1
mohon dibantu penormalannya tegangan tidak normal di satu bangunan BTS tower,-1
"token dimasukkan salah trs, pdhal udh benar",-1
"token gk bs msk, salah trs",-1
"DISPLAY APP PADAM/BLANK SEJAK 24/02/2024. PTL MENYALA, INGIN SEGERA DITANGANI KARENA AKAN MENGISI PULSA",-1
"untuk melengkapi seal tera ,karena aktual tidak lengkap",-1
perubahan daya,-1
TGL 24/02/24  REK FEBRUARI 24 BERIKUT BK  TELAH DILUNASI VIA BANK BCA. PTL MINTA SEGERA DISAMBUNG KEMBALI,-1
token tidak bisa di masukkan,-1
mau di isi keburu mati,-1
tidak bisa input token,-1
"PELANGGAN MELAPORKAN PERTANGGAL HARI INI 23 FEBRUARI 2024 ADA PERGANTIAN KWH METER UNTUK PEREMAJAAN, NAMUN SEBELUM DIGANTI MASIH ADA SISA STROOMNYA DAN DIKWH METER SEKARANG HANYA MUNCUL 4.67 KWH. MOHON DIBANTU DAN KONFIRMASI PELANGGAN.",-1
Lampu rumah mati.,-1
pembelian token no idpel selalu salah,-1
"Saklar meteran tiba-tiba sering mati sendiri, sudah 4x sejak tadi pagi. Mohon bantuannya untuk diperiksa.",-1
KWH meter suka turun/mati dimalam hari,-1
KWH meter Nga bisa ke On,-1
token dimasukkan gagal terus,-1
Pengisian Token Tidak Bisa,-1
mohon bantuannya untuk memindahkan meteran listrik..alamat jl panglima polim sumbang gg relloco depan gladiator..,-1
kode token tidak bisa di masukkan kwh meter,-1
sekitar 1  minggu voltase anjlok lagi,-1
telah mengalami pemadaman seagian,-1
"PERMOHONAN PS NON PELANGGAN   DAYA : 23000 VA  TANGGAL PELAKSANAAN : 22/2/2024 , PUKUL :07.00   WIB, DENGAN NOMER AGENDA  518010532402210023 NO REGISTER 5180129006308  SUDAH LUNAS TANGGAL : 21/02/2024 NAMUN HINGGA SAAT INI BELUM REALISASI.",-1
MOHON TINDAK LANJUT DAN PENYELESAIANNYA. TGL 20-02-2024 PROSES PD PROMO DENGAN DAYA S2T/5.500VA- S2T/11.000VA) DENGAN NO REGISTER: 5180115051181. TGL 20-02-2024 SUDAH DI LAKUKAN PEMBAYARAN BIAYA PENYAMBUNGAN. SESUAI INFORMASI PELANGGAN MENDAPATKAN KONFIRMASI DARI UNIT PLN SETEMPAT UNTUK PD KE DAYA 11.000VA TIDAK DAPAT DI LAYANI DAN HARUS KE DAYA 3 PHASA. PELANGGAN MENGHENDAKI PETUNJUK DAN ARAHAN TERKAIT PERMOHONAN PD PROMO TERSEBUT.,1
mohon bantuannya untuk memindahkan posisi Meteran 1300 ke dinding depan rumah karena saat ini posisinya dalam rumah terima kasih.. alamat lengkap jl panglima polim gg Relloco,-1
PELANGGAN BERMAKSUD UBAH NAMA DARI SUGENG HERRY SATRIA KE BUDI ROCHMAN,-1
listrik mati,-1
MCB Meteran rusak tidak bisa dinyalakan.,-1
"listrik dirumah tiba2 padam,lalu meteran kwh menunjukan tulisan lo volt",-1
pengelupasan kabel di gardu,-1
MCB rusak,-1
listrik mati,-1
gagal isi token,-1
"PELANGGAN PENGAJUAN PB DAN REALISASI TGL 21/02/2024. SESUAI INFO PELANGGAN SAAT INI KABEL SR YANG TERPASANG TERLALU KECIL, DAN PELANGGAN KHAWATIR TERHADAP KONDISI JARINGAN LISTRIK . IDPEL 518013821831",-1
habis penebangan pohon kabel tergeser ke bawah menganggu orang lewat,-1
"mohon maaf pak atau Bu admin yg rusak atau ada kendalanya di rumah bapak muji , belakang rumah bapak Subari ... kendala listrik kalau MCB panas Pasti njeglek atau listrik padam .sampai saat ini sudah 3 hari kendala begitu",-1
saya sdh mengajukan perbaikan kabel listrik yg melintang di lahan kami sdh 2 Minggu blm ditangani karena lahan mau di bangun...tempat di Utara STIE cendikia bojonegoro,-1
"token tidak bisa dimasukkan,selalu gagal pada monitor",-1
kWh meter keluar periksa,-1
bau gosong di meteran listrik,-1
"Tiang listrik mau roboh, mohon dibantu",-1
"Tagihan Listrik tidak sesuai pemakaian, total tagihan mencapai 200rb",-1
"PELANGGAN PENDAFTARAN PB B2/ 16500VA  NOMER AGENDA 518019912401253777 P LUNAS PADA TGL (25/01/2024), PELANGGAN SUDAH MEMILIKI SLO, NAMUN HINGGA SAAT INI BELUM REALISASI. PELANGGAN INGIN DI HUBUNGI TERKAIT KEPASTIAN DAN INGIN DI PERCEPAT PEMASANGANNYA",-1
"kabel listrik terlalu kebawah, ada yg menempel di atap rumah warga , kwatir terjadi konslet",1
input token gagal,-1
semalam token listrikku tidak dapat di isi,-1
MOHON TINDAK LANJUT DAN PENYELESAIANNYA. PERGANTIAN APP PRABAYAR KARENA PEREMAJAAN. SESUAI INFO PELANGGAN  MASIH TERDAPAT SISA KWH PADA (ID METER LAMA 32902177149 ) YBS MENGINGINKAN AGAR TOKEN TSB DAPAT DIKONVERSI KE APP BARU (ID METER : 24322315383). PELANGGAN HUB KEMBALI CC.52.PUSPITA.LC,-1
"untuk tombol meteran angka 3 ,6 ,9 tidak bisa di tekan jadi tidak bisa mengisi token listrik puri Blok D 2",-1
"padam banyak rumah sudah sekitar 45 menit, tolong segera perbaikannya, trims",-1
rekening melonjak,-1
"PELANGGAN PENDAFTARAN PB  PAKET NIDI dan SLO TARIF/DAYA B2 / 16500 NOMER AGENDA 518019912401253777  BP LUNAS PADA TGL (25/01/2024), NAMUN HINGGA SAAT INI BELUM REALISASI INFO PELANGGAN SYARAT PENYAMBUNGAN SUDAH DISERAHKAN KE PLN  TGL  01/02/2024 . TERKAIT K5124020400455, K5124020601112 DAN K5124021200360 BELUM ADA TINDAK LANJUT",-1
MASALAH PADA TOKEN LISTRIK MUSHOLA,-1
KESULITAN ENTRY TOKEN KETERANGAN GAGAL SISA PULSA SAAT INI  28.90 KWH NO TOKEN 1369 2500 8028 1163 1534,-1
PELANGGAN TIDAK DAPAT INPUT TOKEN SETELAH UPDATE VKRN 43. SISA 28.90 KWH (PTL TIDAK PADAM)DIALIHKAN K5124021900376 CC.51.NITA,-1
tidak dapat beli token,-1
gagal isi token,-1
MUTASI_K (G9924021963867:kabel terputus) - kabel istalasi terputus dari tiang,-1
kabel istalasi terputus dari tiang,-1
tombol kWh meter untek pengisian token rusak tidak bisa digunakan,-1
lampu penerang jalan raya nyala tetapi lampu rumah warga mati sejak jam 18:15,-1
"Listrik padam,sebelum padam spedometer mengeluarkan bunyi bising dan asap",-1
"PELANGGAN TIDAK DAPAT MELAKUKAN PEMBELIAN TOKEN, TERTERA NOMOR METER SALAH",-1
"Tiap hari pemadaman, titik masalah dimana ya ?",-1
seminggu minimal padam 3x sudah 3 tahun,-1
PELANGGAN MENGAJUKAN PROSES TURUN DAYA (R2 / 4400 VA - R1 / 1300 VA) MELALUI APLIKASI PLN MOBILE DENGAN STATUS PERMOHONAN MENUNGGU VERIFIKASI PLN UNIT DAN STATUS PADA AP2T PERMOHONAN BELUM DISAHKAN MANAGER. YBS INGIN SEGERA DAPAT DITINDAK LANJUTI.,-1
Sering mati listrik di daerah saya. Hujan sedikit padam,-1
tambah daya listrik,1
hbs migrasi kwh tdk ada mcbnya,-1
kwh hbs penggantian ook tdk ada mcbnya,-1
Gagal isi token,-1
Gagal isi token,-1
tidak bisa isi token,-1
"kenapa sangaaat sering mati lampu padahal tidak hujan tidak petir tidak angin didaerah saya, tapi kalau hujan petir angin malah mati lampu",-1
pemadaman banyak rumah lagi,-1
kWh meter dinyalakan beberapa detik off/jeglek.,-1
kvhmeter mati.kena petir,-1
"pembelian token tidak bisa di masukan kode no nya ,dan di keterangan tulisan gagal",-1
periksa,-1
mau turun daya,-1
layar meteran gak keliatan angkanya,-1
"token baru beli kok dimasukan ada tulisan terpakai, padahal ini baru beli",-1
"tidak bisa memasukkan token, meter an error, saat memasukkan token baru 4 sampai 5 angka terhapus sendiri",-1
kwh terblokir,-1
Meteran rusak,-1
saya beli token di pln mobile Rp200.000 tapi saya masukkan kok tidak bisa ya ada keterangan terpakai tapi token belom masuk sedangkan saldo saya sudah berkurang tolong di bantu ya,-1
TERKAIT K5524020700238. MOHON PENGECEKAN ANGKA STAND APP PASCABAYAR TIDAK BERGERAK. PTL NYALA,-1
arus listrik hanya sampai di under ground,-1
nomor token yang dibeli tidak bertambah daya ketika di isikan ke meteran PLN,-1
stand angka macet,-1
tidak dapat beli token,-1
gagal memasukan token listrik,-1
DI WILAYAH TSB PTL SERING PADAM BANYAK RUMAH DALAM DURASICMINGGU TERAKHIR HAMPIR BERAPA KALI PADAM. PTL TIDAK PADAM SAAT INI MOHON DILAKUKAN PENGECEKAN,-1
"terkendala 1 desa listrik nyala mati sudah 2 kali, listrik tidak ngangkat buat nyalain elektronik lampu kedip",-1
"token hampir habis, kwh tidak bisa diisi token",-1
tidak bisa isi token. kwh muncul periksa,-1
"Cuma mau nanya boss,,, sampe jam berapa listrim padam ??...",-1
kabel kongslet dan terbakar diatas pohon,-1
meteran saya muncul tulisan inscek,-1
listrik gak bisa diisi token gagal terus,-1
meteran rusak/hilang karna kebakaran,-1
tidak dapat beli token,-1
gagal isi token,-1
gagal isi token,-1
"registrasi tambah daya tidak bisa,",-1
tegangan listrik di area ruko drop,-1
Voltase turun,-1
Voltase. Turun kah?,-1
Meteran listrik mati,-1
meteran listrik tidak menyala,-1
Meteran mati. tidak berputar,-1
tagihan melonjak mohon dicek,-1
kWh error,-1
listrik padam kabel SR putus,-1
MOHON PERIKSA APP PRABAYAR. BUZZER ALARM BERBUNYI PELAN SEBELUMNYA KENCANG.,-1
"listrik padam lagi bos, ini perhitungan pemilu, malah mati lagi.....nyalain bos....jgn padam ae....",-1
listrik mati lagi pak... nyapa sebentar langsung mati lagi,-1
"Voltage PLN 360 volt atau 207 volt, toling dinormalkan karena compressor di PT BAG tidak bisa Running",-1
Nomor token tidak ditemukan padahal sudah sesuai dan biasanya bisa,-1
Tegangan tidak stabil naik turun,-1
turun daya,-1
turun daya,-1
"kWh meter keluar priksa,sekarang listrik padam",-1
mcb meteran lemah,-1
token beli di indomaret tapi dimasukan gagal,-1
"MOHON BANTUAN KONFIRMASI KE PELANGGAN, TERKAIT PENDAFATARAN PB ATAS NAMA PJL KOLONG DAN PJL DUKUH KIDUL SUDAH NYERAHKAN SLO DAN NIDI KE UNIT PLN  PADA TGL 06/01/2024 NAMUN BELUM DAPAT NO REGISTER",-1
"PELANGGAN PENDAFTARAN PB PRABAYAR TARIF R1T/DAYA 2200VA NOMER AGENDA 518019912401183670 NO REGISTER 5180112146872 BP LUNAS PADA TGL 21/01/2024), PELANGGAN SUDAH MEMILIKI SLO, NAMUN HINGGA SAAT INI BELUM REALISASI",-1
kabel arah ke rumah terlalu kencang sehingga tiang atap rumah ketarik dan copot,-1
"pengajuan pasang baru untuk 1 pompa air pawitnat desa ngablak Dy 10,6 kva tarif LT survey tgl 28 desember 2023 2 pompa air hj Sri purwani desa Sukoharjo Dy 10,6 kva tarif LT survey tgl 28 desember 2023 kira"" kapan ya soalnya bulan Maret mau dipakai ngairi sawah sampai sekarang belum ada jawaban",-1
gagal isi token,-1
kWh meter tertera tulisan periksa mau isi token Ndak bisa masuk.,-1
tidak ada arus listrik,-1
"PELANGGAN MENGAJUKAN PENDAFTARAN PB BT 24000 VA KE ULP, SUDAH DISURVEY PETUGAS AKHIR JAN 2024, NAMUN BELUM ADA TINDAK LANJUT",-1
Mohon info permohonan tambah daya belum di proses. Terimakasih,-1
"Meteran Listrik selalu menujukan periksa meski sudah dilakukan temper, setelah berhasil tapi balik lagi menunjukan periksa berulang-ulang",-1
"PELANGGAN PENGAJUAN GESER SR, DIKARENAKAN RENOVASI, PELANGGAN INGIN DI CEK TERLEBIH DAHULU",-1
syarat turun daya,-1
PELANGGAN TIDAK BISA INPUT TOKEN SETELAH UPDATE VKRN 43 (PTL TIDAK PADAM) SISA 85.548 KWH NO TOKEN 3816 2598 0512 3635 5409,-1
kabel besar antar tiyang turun kebawah( nglengsreh),-1
"PELANGGAN PENDAFTARAN PB  PAKET NIDI dan SLO TARIF/DAYA B2 / 16500 NOMER AGENDA 518019912401253777  BP LUNAS PADA TGL (25/01/2024), NAMUN HINGGA SAAT INI BELUM REALISASI INFO PELANGGAN SYARAT PENYAMBUNGAN SUDAH DISERAHKAN KE PLN  TGL  01/02/2024 . TERKAIT K5124020400455 DAN K5124020601112 BELUM ADA TINDAK LANJUT",-1
mat siang  dulur ni kWh bisa beli token tapi token di masukan bolak balik gagal trs.mungkin kena kct minta bantuan ya trmksh,-1
MOHON BANTUANNYA . SELESAI KAN PROSES YANG ADA MAU PROSES TIDAK BISA TERKENDALA PROSES YG BELUM SELESAI.  TERIMA KASIH,-1
MCB meteran saya rusak pak....mohon diperbaiki,-1
Gamet tidak bisa di isi pulsa.selalu gagal. token hampir habis,-1
MOHON TINDAKLANJUT DAN PENYELESAIAN.TGL 11/02/24  PELANGGAN DENGAN NO METER 14008051550 TIDAK DAPAT MELAKUKAN PEMBELIAN TOKEN. PADA DATA P2APST TERTERA (SILAHKAN KIRIM DIL PREPAID KE P2APST) . SISA 65 KWH,-1
listrik padam 1 rumah,-1
listrik padam sejak 5 menit lalu dan tetangga sekitar juga mengalami padam listrik.Dalam 7 hari sudah lebih dari 3 kali mengalami padam listrik dan hampir tiap hari mengalami padam listrik tanpa ada pemberitahuan juga.,-1
"NOMOR METER 14008607062 TERKAIT KESULITAN PEMBELIAN TOKEN DI TOKOPEDIA DAN SHOPEE DENGAN KETERANGAN NOMOR TIDAK TERDAFTAR DAN KETERANGAN ''SILAHKAN KIRIM DIL PREPAID KE P2APST'' PADA APLIKASI LPB (P2APST). SISA PULSA SAAT INI 41,71 KWH.  PTL MENYALA. INFO PELANGGAN: BELUM  ADA PENGGANTIAN APP",-1
"kwh meter prabayar... sudah beli token dan sudah diisi token. namun kwh tidak masuk, sehingga listriknpadam dan tidak bisa nyala.",-1
voltase naik turun antara 190-210 volt. kabel jaringan dari tiang ke rumah sekitar 50 meter kondisi sudah rusak/pecah kulitnya,-1
pemindahan KWH Meter,-1
token mati ttapi lampu masih nyala,-1
Tegangan Drop,-1
Tegangan Drop,-1
GAGAL ISI TOKEN ATAU MINTA KODE RISET,-1
Token masih tidak bisa diisi gagal trus,-1
listriknya sering mati,-1
"voltasenya kelihatannya turun, sering nggak kuat",-1
"kwh meter angka 1,2,3 gabisa ditekan, listrik padam",-1
muncul PERIKSA,-1
"Ada ranting pohon lumayan besar di jalur kabel pln, takutnya bisa jatuhin kabel",1
